id,repo_id,branch_name
1,584,branch36exhh
2,230,branch56tliv
3,1994,branch28ffhy
4,1928,branch27gvil
5,134,branch47fwes
6,1312,branch46vnly
7,294,branch40skyu
8,1430,branch27hhzs
9,826,branch55hfzo
10,1702,branch57ebes
11,1,branch39rmrt
12,968,branch91iexk
13,743,branch55lgcg
14,662,branch74avhx
15,1440,branch01kxfp
16,1824,branch26mmjc
17,852,branch28boee
18,282,branch72nptr
19,952,branch57uyez
20,1775,branch11gfob
21,1882,branch65grns
22,1752,branch70amqe
23,1555,branch40ccdk
24,700,branch03pgyk
25,1006,branch18zmnl
26,377,branch91khlc
27,80,branch37dikb
28,149,branch09jdga
29,1752,branch45rwlq
30,1616,branch31cdfm
31,200,branch04fqum
32,693,branch98alyy
33,574,branch46rozj
34,1867,branch86fxty
35,1836,branch79gsgh
36,404,branch98rmuf
37,1156,branch20jvao
38,1569,branch67wjtb
39,914,branch07ilfi
40,1985,branch91faam
41,1081,branch96ewzk
42,251,branch50zpsj
43,1870,branch32kilz
44,1472,branch55ovgv
45,613,branch14hfgg
46,867,branch05fwrn
47,611,branch11hkto
48,1351,branch48tiif
49,1293,branch16flej
50,496,branch28nvpa
51,940,branch69mwdy
52,241,branch10wyog
53,1669,branch36gkml
54,45,branch88rwey
55,390,branch70udld
56,344,branch93jfwl
57,99,branch07eeab
58,1873,branch21juyz
59,1595,branch43qorl
60,528,branch24kdvr
61,1068,branch36itmg
62,1260,branch09xxvw
63,107,branch38vccj
64,983,branch35kskr
65,558,branch30dghb
66,1137,branch41amnm
67,1801,branch59kwlt
68,1842,branch81vjmc
69,1273,branch07fqmz
70,221,branch28mxus
71,1527,branch48eptf
72,1242,branch64nnuq
73,1107,branch07ttho
74,1453,branch41nayv
75,1036,branch02uzkj
76,64,branch78lvkd
77,1377,branch19fpts
78,909,branch19dfbw
79,1483,branch82qhcp
80,1176,branch59zgea
81,53,branch38xlyd
82,1618,branch91xrfl
83,1725,branch99zdsd
84,1392,branch91qvjm
85,1419,branch93oclj
86,939,branch80naso
87,1777,branch99vxtt
88,582,branch30bkcj
89,849,branch31qyrw
90,846,branch41wqzr
91,791,branch25bzmy
92,692,branch47xwps
93,526,branch59ctzg
94,679,branch17vrhy
95,1168,branch38vxbq
96,218,branch50pwhi
97,20,branch39mfwf
98,215,branch29whvh
99,1127,branch64ugxv
100,833,branch94wsnw
101,285,branch85mlwd
102,1365,branch61weyj
103,985,branch60ixyb
104,1039,branch45jlpi
105,1298,branch75lluq
106,1097,branch30bjwi
107,1585,branch41dgau
108,992,branch78hzun
109,1001,branch50obiz
110,169,branch12citk
111,1300,branch72wssk
112,1780,branch26oiok
113,894,branch44vhow
114,1894,branch41yixn
115,1802,branch97vqvm
116,23,branch67vjfc
117,1648,branch69jddd
118,671,branch60mufa
119,1503,branch59bewj
120,1435,branch40ujwv
121,561,branch35ksjz
122,49,branch49jbun
123,1113,branch98bucb
124,748,branch80ffdz
125,1982,branch97awwu
126,1917,branch40pjxr
127,1201,branch97gdoj
128,219,branch80pzlo
129,1104,branch71cymd
130,1914,branch41qcuq
131,1106,branch73mgdn
132,433,branch47voar
133,1944,branch15hfex
134,983,branch75jlrv
135,212,branch12dwdo
136,1963,branch04tqvj
137,1857,branch30srcp
138,334,branch55qokk
139,1698,branch92yxcf
140,1374,branch35mgvz
141,1402,branch12pqzc
142,542,branch95rlqm
143,314,branch93guna
144,456,branch50rgwz
145,808,branch92xvzg
146,1612,branch39lbom
147,417,branch16qboy
148,1682,branch94affy
149,972,branch10hqdr
150,18,branch64kebg
151,1225,branch51zlvd
152,1242,branch93kbsh
153,653,branch81nbsr
154,1542,branch22fgjg
155,1720,branch31fnqe
156,946,branch82njlv
157,1312,branch69xbun
158,942,branch67lqyn
159,1124,branch19mycb
160,1192,branch16yudn
161,1936,branch74vvyk
162,1418,branch08jijf
163,1361,branch31ianv
164,1285,branch28tsuq
165,774,branch76gkez
166,1817,branch24zrin
167,55,branch68dkzm
168,1108,branch90kwgq
169,1372,branch04ckwk
170,1534,branch94bqdg
171,572,branch88wpch
172,710,branch64rddh
173,1132,branch37bqmq
174,65,branch29gxkc
175,1240,branch65gajk
176,1983,branch78xzyh
177,345,branch93torz
178,184,branch18xuav
179,1567,branch58oots
180,457,branch71rvrv
181,70,branch78yqvc
182,645,branch73ushw
183,1298,branch94bezf
184,1366,branch36pede
185,1079,branch65ozkb
186,1470,branch74mzwx
187,1399,branch38rgey
188,960,branch06tzqy
189,1714,branch05lwmr
190,986,branch16osab
191,1916,branch64qamm
192,1165,branch52tzrk
193,1533,branch82svsk
194,1161,branch73dzga
195,1995,branch15bljx
196,375,branch42zyps
197,989,branch90ylpz
198,1257,branch66kuwa
199,5,branch58mltm
200,295,branch90efem
201,170,branch22ddix
202,144,branch96skeu
203,303,branch67qbeu
204,1652,branch65pmcz
205,1186,branch28dhlt
206,97,branch51blhk
207,1807,branch61ahia
208,1755,branch37mlkn
209,1475,branch70qnve
210,1787,branch61kqge
211,726,branch82avmt
212,1961,branch90tqae
213,1391,branch08mxnr
214,561,branch49clku
215,1768,branch58uigp
216,420,branch08nguu
217,1389,branch50tzxp
218,457,branch80nuwv
219,1385,branch91gkwu
220,1284,branch22wqcu
221,987,branch04jugg
222,961,branch67kbyl
223,1908,branch38rprg
224,416,branch80hpmr
225,562,branch23lwdp
226,1052,branch29opoj
227,401,branch40yyoa
228,1705,branch48akuz
229,794,branch47exkw
230,652,branch35diok
231,844,branch19offo
232,1191,branch26ujbn
233,1695,branch21uvlr
234,1033,branch96wrfv
235,88,branch91vghm
236,1373,branch06hvey
237,601,branch38txlg
238,557,branch24dvhg
239,1262,branch97zfft
240,636,branch05jhut
241,1338,branch55luim
242,1004,branch55chur
243,1032,branch41zetv
244,128,branch93rbpk
245,1925,branch44zudq
246,1914,branch71klin
247,924,branch12kylx
248,1098,branch03fzmw
249,1794,branch68mmkz
250,999,branch86zuuc
251,1237,branch35hpud
252,29,branch88axhq
253,858,branch35jqfy
254,434,branch13vifb
255,505,branch12hlkq
256,62,branch75sycx
257,1128,branch80vtwk
258,597,branch36xyta
259,797,branch11cmpw
260,1841,branch41phsa
261,1720,branch73kgde
262,599,branch14fcue
263,453,branch35cyzo
264,705,branch63eqsv
265,1079,branch26xruy
266,158,branch83ccii
267,1956,branch00jrzw
268,1680,branch47jdvo
269,655,branch52dycb
270,1254,branch25pvxc
271,1683,branch81lkbn
272,76,branch29cagm
273,437,branch27xucw
274,1261,branch18xysg
275,192,branch24gtwn
276,1101,branch62ygfl
277,124,branch41uiib
278,1685,branch32gzex
279,926,branch99amqt
280,1201,branch36qiqn
281,1401,branch94byeh
282,1436,branch09aemq
283,526,branch02csia
284,1824,branch61tjka
285,1402,branch20rhrt
286,442,branch12jbuy
287,1637,branch99spzj
288,1197,branch14qbwv
289,79,branch62rfmj
290,1440,branch45bgrf
291,927,branch54nmdu
292,1313,branch92wayy
293,27,branch26xnuu
294,860,branch24vpod
295,658,branch99kclr
296,941,branch30icek
297,1728,branch50qnlt
298,445,branch14nlvl
299,1893,branch93tvie
300,1216,branch43wrhd
301,1482,branch74fkcm
302,1357,branch28cziw
303,789,branch55lzxu
304,1570,branch86mxfy
305,908,branch19rgge
306,220,branch40ykak
307,1572,branch87yyok
308,1049,branch47rymp
309,211,branch13vehn
310,1901,branch02aczq
311,1484,branch99niws
312,951,branch31klwa
313,1185,branch58ghmf
314,395,branch76eljm
315,1638,branch65morw
316,288,branch44uuaa
317,494,branch08vprx
318,392,branch73popd
319,1023,branch02ogqt
320,1572,branch97ciey
321,1267,branch99wnrs
322,1785,branch96xoty
323,594,branch32denf
324,126,branch92whkt
325,685,branch87zynq
326,95,branch82tgzn
327,1941,branch35vlio
328,216,branch32swde
329,861,branch55gdwg
330,463,branch06gsby
331,1461,branch99opus
332,1523,branch45ywor
333,752,branch13wpta
334,1555,branch21vkcj
335,1943,branch89yach
336,1189,branch11yfke
337,645,branch64rlyy
338,795,branch77gbzw
339,706,branch40vcyr
340,716,branch65ngdt
341,67,branch01jyuf
342,1446,branch67wewu
343,502,branch94jtri
344,1804,branch16qblf
345,722,branch77mkmq
346,1862,branch91wyrj
347,443,branch07sxfs
348,164,branch95itqi
349,114,branch98hqyb
350,1031,branch06dbzt
351,817,branch45uzrg
352,1688,branch64gtfx
353,661,branch75admw
354,1636,branch78hfbz
355,1960,branch00hkor
356,1256,branch96sgea
357,1404,branch64laxk
358,1409,branch13kzfx
359,1135,branch45qrtc
360,582,branch23sxio
361,160,branch83pmja
362,1619,branch41kirv
363,1516,branch40wsuz
364,676,branch67ener
365,1164,branch16aenw
366,1549,branch37evha
367,772,branch30brkc
368,1606,branch40kmct
369,682,branch96hbgi
370,1801,branch83jbdy
371,812,branch99xjbs
372,1757,branch26pdzn
373,1887,branch15hqxo
374,1241,branch13euao
375,164,branch96culu
376,1826,branch87nnlm
377,157,branch38tyfh
378,80,branch38avin
379,563,branch61sxui
380,1732,branch68buuo
381,97,branch43kehi
382,1092,branch80tgxs
383,1242,branch03caen
384,1995,branch18lvdl
385,1290,branch44ytjs
386,1865,branch12ktmi
387,1197,branch84vyzo
388,1368,branch37aftu
389,537,branch56wxmi
390,1276,branch42gvxz
391,556,branch97seqa
392,164,branch11vskh
393,1962,branch63ebuh
394,1796,branch47xqxr
395,1834,branch29knrx
396,412,branch84ryaw
397,1896,branch38jflx
398,795,branch06cqaw
399,1154,branch54hrkf
400,1285,branch72tnab
401,531,branch11ugkw
402,15,branch26pkdt
403,1745,branch64vtuo
404,351,branch29gmmh
405,309,branch47gelx
406,1928,branch86mgrd
407,1831,branch45iqaj
408,941,branch20mehd
409,1899,branch71rmsk
410,1486,branch27cjck
411,1132,branch21wnal
412,989,branch59pvil
413,985,branch88oddr
414,1053,branch91cdrg
415,337,branch35slqz
416,1777,branch73atce
417,521,branch73dzko
418,976,branch41pglk
419,1792,branch54neqh
420,165,branch29ekgx
421,1490,branch82cwkz
422,322,branch43dzkv
423,540,branch71vttt
424,1678,branch14xpog
425,379,branch89mjhm
426,420,branch45sped
427,1653,branch40nfyn
428,284,branch74kvrn
429,511,branch86tztk
430,1957,branch78vysb
431,905,branch38jeui
432,280,branch62wszc
433,29,branch35rluy
434,1746,branch36vthg
435,511,branch62okkr
436,1361,branch85iauq
437,1424,branch60fvqc
438,1254,branch93lwsq
439,1900,branch49zagf
440,1683,branch29bvrt
441,975,branch98xvbs
442,115,branch62duck
443,194,branch11ltel
444,78,branch58mycp
445,1014,branch10effg
446,129,branch55eptu
447,131,branch84omwd
448,807,branch25lkav
449,1246,branch72vfyd
450,1159,branch34bfni
451,1110,branch61mdgf
452,1012,branch66djca
453,184,branch78spne
454,172,branch27zfdo
455,1696,branch74frta
456,1415,branch91yhzn
457,1169,branch73kdus
458,926,branch22rfbn
459,1609,branch18fuqj
460,57,branch26shww
461,640,branch37ulgs
462,1348,branch96chnk
463,363,branch35amgf
464,1916,branch58wgvg
465,1118,branch59qlhs
466,228,branch59mvpr
467,1695,branch31rlbs
468,1616,branch59uwpw
469,1575,branch27awyt
470,263,branch76resw
471,89,branch47ngzw
472,1376,branch87ytnq
473,18,branch02piuc
474,382,branch77licz
475,1886,branch40augf
476,1526,branch92qwey
477,115,branch82oejm
478,1104,branch27odxk
479,430,branch58quho
480,1600,branch63udez
481,1649,branch54zaer
482,1873,branch88zhui
483,1344,branch67riyz
484,7,branch53rzvr
485,1104,branch99zpro
486,1525,branch92iyex
487,1913,branch03sjqn
488,1808,branch86pwxa
489,791,branch84gbid
490,1849,branch42arto
491,1362,branch75phjn
492,746,branch61hchs
493,288,branch91lcju
494,695,branch02vodu
495,1324,branch08aevp
496,1539,branch13ipnu
497,1473,branch07uimt
498,1542,branch88cuwb
499,1475,branch17vjan
500,1594,branch08drcc
501,748,branch80sudl
502,1844,branch70kfvc
503,1004,branch61zrnw
504,1130,branch95ehpz
505,130,branch48ggug
506,960,branch67wxjk
507,1941,branch33ydla
508,1458,branch57oufr
509,1122,branch52crpo
510,968,branch48tmlv
511,472,branch49tmki
512,1849,branch13zsqo
513,711,branch97zhxy
514,945,branch76zrdr
515,1648,branch37coly
516,721,branch53lqgh
517,294,branch75wzkh
518,1296,branch22plik
519,1968,branch80ihqd
520,1653,branch27lico
521,850,branch03pmwk
522,656,branch68ljga
523,1902,branch79frgr
524,132,branch73baaz
525,359,branch64desl
526,1637,branch50eocl
527,1044,branch08hvow
528,811,branch28ttdz
529,79,branch33xbwr
530,1659,branch73yyyp
531,418,branch32qyyy
532,343,branch87aejf
533,514,branch85lhil
534,536,branch84qpxn
535,543,branch16bnsb
536,746,branch24drxj
537,1905,branch52yxgx
538,1268,branch72ldzr
539,373,branch08xuip
540,509,branch47ojlq
541,1195,branch43pmej
542,1553,branch73nfjw
543,1970,branch66thwc
544,1743,branch48yckj
545,685,branch96idwp
546,695,branch98hcof
547,1088,branch17xkkf
548,840,branch48ilma
549,685,branch53gtym
550,1449,branch89wdjv
551,412,branch29fhrn
552,1088,branch15fagf
553,818,branch01qzav
554,447,branch19xpel
555,1849,branch25ieiu
556,1105,branch94etzw
557,1695,branch93ptdc
558,973,branch81ickm
559,1047,branch50pzbj
560,1914,branch74jwzz
561,1909,branch25gyng
562,1961,branch15tgcu
563,635,branch06wslj
564,296,branch34tgun
565,572,branch51zpza
566,59,branch18tsld
567,292,branch08fqqc
568,489,branch84pvtf
569,1457,branch53psjq
570,1015,branch50nfzf
571,278,branch34zodo
572,1945,branch93eqcb
573,970,branch62ivly
574,612,branch40tohm
575,1431,branch52aups
576,1553,branch44gxzn
577,1177,branch16vrui
578,1364,branch03xwbv
579,1107,branch06whel
580,1631,branch35atke
581,1802,branch04roke
582,36,branch73aglu
583,1437,branch94hona
584,876,branch37veew
585,628,branch70ttbu
586,495,branch68eeoy
587,804,branch51kiwe
588,911,branch86cmcj
589,824,branch46btle
590,390,branch61hjpc
591,841,branch26qxqw
592,1644,branch64jhfu
593,653,branch43eofj
594,484,branch54iypo
595,465,branch33rqvo
596,709,branch42jnld
597,892,branch19tadt
598,950,branch94zbjp
599,1391,branch81hozv
600,616,branch42qowd
601,1352,branch42kptz
602,1033,branch81tqlq
603,1478,branch50dnpm
604,90,branch49grzb
605,593,branch04cyyz
606,345,branch12lhgz
607,1406,branch21veiy
608,613,branch85btnt
609,259,branch71pujb
610,116,branch40dhzf
611,1721,branch06pvyl
612,1615,branch08hqnx
613,626,branch27tgeo
614,58,branch45aria
615,1146,branch10blob
616,1633,branch54jbjm
617,365,branch41dsqz
618,864,branch02prmn
619,1709,branch13dubc
620,1116,branch29aabx
621,1615,branch65msbm
622,366,branch20fgto
623,1221,branch48bwaq
624,884,branch28yadq
625,1392,branch58eylu
626,1112,branch56wsyu
627,644,branch81slkl
628,630,branch84yphp
629,635,branch81dgzr
630,742,branch03kjmt
631,758,branch02omxs
632,583,branch28mrxm
633,9,branch79ejqe
634,1893,branch29wwtg
635,1558,branch86ioqc
636,623,branch76ujrn
637,976,branch00eisn
638,484,branch51muop
639,1122,branch87jlbs
640,1639,branch30bheg
641,159,branch24anrq
642,1002,branch82alra
643,1182,branch33crjq
644,1192,branch84rvad
645,925,branch50sjvy
646,1059,branch97ppna
647,1689,branch22habq
648,512,branch94szec
649,1495,branch92awae
650,1212,branch93jegj
651,1556,branch80qnvr
652,808,branch91jsmm
653,88,branch27zakh
654,1571,branch21site
655,1832,branch97gyqx
656,1432,branch08apqw
657,851,branch35vwrb
658,1325,branch16cuds
659,1395,branch88mywp
660,656,branch55ykbd
661,1983,branch91gnmn
662,22,branch93ycrz
663,113,branch24shof
664,1091,branch98qzkt
665,1760,branch08xbzs
666,256,branch29anew
667,526,branch39dxuf
668,426,branch46dipg
669,428,branch75fndl
670,146,branch78vshg
671,1364,branch43bwii
672,1614,branch07aayr
673,51,branch00moly
674,1020,branch63qchf
675,1527,branch25cmgy
676,1041,branch31npok
677,1805,branch90pkyh
678,942,branch99yycj
679,1176,branch70bepn
680,977,branch79sffl
681,9,branch12vyqj
682,1405,branch81bdon
683,1289,branch30mdii
684,444,branch35ewpz
685,892,branch53awsk
686,482,branch00cxjj
687,123,branch24isdv
688,792,branch40pbar
689,699,branch17shqf
690,1596,branch44fhjb
691,1511,branch09qkcs
692,1499,branch13avpf
693,601,branch32hiuz
694,1838,branch05yrrz
695,1907,branch73ecvj
696,1338,branch99ujtr
697,1716,branch17rqrs
698,1070,branch53fcov
699,765,branch84zrpj
700,1098,branch48sfwl
701,350,branch19ftwb
702,283,branch00uoql
703,130,branch90rmlt
704,92,branch99ppkx
705,6,branch69fcur
706,228,branch60jkcx
707,984,branch21qgaw
708,1540,branch50jxnj
709,1715,branch48zsdk
710,1492,branch70jseh
711,142,branch96engj
712,1040,branch89atbe
713,234,branch37jnqr
714,1442,branch07deef
715,812,branch27cify
716,1062,branch85kylr
717,1021,branch73baao
718,943,branch76rpdb
719,900,branch49cuju
720,142,branch39bfsq
721,194,branch93xxbs
722,1278,branch71daqv
723,1479,branch59qcbj
724,16,branch57evje
725,1137,branch37lztz
726,641,branch20judd
727,830,branch67iqaf
728,678,branch80idwk
729,460,branch42ljkw
730,1990,branch70zxwi
731,1053,branch53giuc
732,186,branch61ylpm
733,580,branch48tejp
734,1386,branch55cfex
735,1121,branch35towi
736,265,branch36edpj
737,779,branch45cqmw
738,1605,branch87xdzm
739,545,branch72htds
740,1931,branch11woqe
741,384,branch30yyue
742,567,branch43jper
743,557,branch17uiji
744,670,branch59wydb
745,1947,branch86oafh
746,502,branch28okhd
747,1453,branch82oodp
748,1652,branch83sild
749,1232,branch27woby
750,1357,branch27tpvh
751,1874,branch12vjxl
752,1078,branch13haii
753,1377,branch22rxmu
754,1038,branch26hzbx
755,1200,branch53qozr
756,262,branch77sdwa
757,516,branch16dsao
758,922,branch68nbmt
759,241,branch05grdf
760,960,branch49mqoo
761,259,branch57azjg
762,1925,branch40xrhd
763,305,branch02saof
764,1850,branch22ocuy
765,650,branch81knaf
766,1189,branch93aikv
767,187,branch85dmft
768,1179,branch21ysdb
769,1487,branch32ooui
770,1067,branch09lzfd
771,1744,branch06vpns
772,168,branch36zgqs
773,1950,branch26hclr
774,977,branch03xrey
775,806,branch63wucf
776,1366,branch84bhxa
777,1019,branch52gute
778,627,branch98xxdp
779,1906,branch36cumq
780,1643,branch42eitn
781,729,branch54xmls
782,1694,branch66fabc
783,87,branch38vpnd
784,1283,branch03tfnk
785,920,branch08kpkn
786,1906,branch63tidk
787,1982,branch77tjcx
788,57,branch74effl
789,1367,branch95nodk
790,826,branch16geio
791,442,branch67dczq
792,1487,branch92mqvv
793,1951,branch70topd
794,427,branch14cvqs
795,1746,branch37axrg
796,575,branch76mffx
797,1727,branch64chfa
798,1239,branch43eucs
799,342,branch45bjed
800,1625,branch37woxm
801,513,branch62ejyo
802,1627,branch12vber
803,458,branch51ktfc
804,323,branch64jmad
805,119,branch42fulr
806,1728,branch15mzrx
807,1285,branch56fbfh
808,880,branch11naip
809,802,branch41sexh
810,1834,branch19dmmf
811,1245,branch77asea
812,1801,branch52fojn
813,886,branch04ieep
814,1116,branch47bddc
815,1471,branch10jqql
816,536,branch63njcp
817,1456,branch87vtox
818,889,branch40khdk
819,739,branch31tquc
820,1016,branch14vqhu
821,773,branch66nmyt
822,226,branch45jwah
823,391,branch11hmqj
824,864,branch92fojf
825,1685,branch77mnph
826,1572,branch79jeqt
827,97,branch20kmzu
828,1065,branch80jahl
829,905,branch32yxoj
830,1001,branch91sanr
831,1032,branch29yghs
832,1569,branch55salt
833,336,branch68wsft
834,376,branch87vekt
835,1563,branch03zcyx
836,277,branch13unvb
837,1274,branch78rsyz
838,467,branch08zatk
839,1967,branch62dorr
840,242,branch22bxtm
841,1358,branch31typi
842,1224,branch77bpdw
843,848,branch65rwgd
844,1395,branch22zcum
845,386,branch86kzac
846,799,branch70jxbg
847,297,branch49jqfi
848,2000,branch93cswr
849,1546,branch01gbbp
850,1353,branch14kvqb
851,51,branch10ietc
852,920,branch45mrxy
853,1362,branch97ckcs
854,569,branch42sdse
855,305,branch22iniw
856,1434,branch02uhcb
857,338,branch87xkrs
858,216,branch56gjoc
859,1030,branch38eduo
860,758,branch08tzgz
861,757,branch53kzhn
862,1717,branch93plep
863,1261,branch55uoyz
864,451,branch87mvit
865,1710,branch91iakm
866,1405,branch52ouay
867,1197,branch43tcvi
868,761,branch37suev
869,1104,branch30nmle
870,399,branch27hoad
871,1874,branch03bipv
872,1521,branch96ebgy
873,499,branch25mbrt
874,1970,branch61mynw
875,1384,branch41yykr
876,1290,branch86osre
877,1296,branch40qamq
878,748,branch93knvh
879,171,branch36fgrd
880,375,branch47mwpw
881,127,branch15auif
882,352,branch09atvr
883,1126,branch61ydcr
884,203,branch43lbqv
885,1934,branch07xznh
886,1565,branch87ovel
887,1140,branch76cmaw
888,898,branch59itbg
889,1208,branch51cxze
890,1258,branch44dfil
891,1032,branch97awin
892,140,branch31yuqo
893,445,branch18ppro
894,736,branch59gijb
895,537,branch92tkfs
896,346,branch40orke
897,687,branch39uqmi
898,94,branch06udoe
899,718,branch08okcs
900,1780,branch24judk
901,1705,branch29ssag
902,1866,branch90ddlr
903,123,branch29pneh
904,232,branch82hsfa
905,1296,branch23zwxg
906,1438,branch33djjt
907,1785,branch78ppbs
908,941,branch37iphc
909,1772,branch87ruda
910,67,branch88sgsa
911,1126,branch76rhzb
912,688,branch20ohyr
913,259,branch75obmm
914,1261,branch01mnkv
915,1877,branch01iuuy
916,1977,branch99dxsk
917,72,branch84uekx
918,1247,branch54xuij
919,392,branch81mwhz
920,411,branch96xgiz
921,419,branch77uuoo
922,1377,branch87fyiy
923,284,branch53fyia
924,1818,branch05hcuk
925,1262,branch65cosu
926,502,branch53rukw
927,993,branch09ymhj
928,242,branch28ddwt
929,708,branch17brls
930,381,branch08awzx
931,1661,branch57gpiw
932,1603,branch92vpnh
933,1034,branch54dhwt
934,131,branch27pztn
935,1092,branch23tfno
936,1424,branch99lbhd
937,1414,branch90gazd
938,1950,branch56xtod
939,1208,branch56xnfo
940,375,branch54zuki
941,1364,branch33btyt
942,861,branch13tgln
943,1819,branch35pvcc
944,1559,branch18xlry
945,1511,branch26lxsy
946,103,branch13yhot
947,1360,branch99fafm
948,1972,branch78vwsq
949,1065,branch55ogzm
950,765,branch36eheb
951,1327,branch24ljhe
952,629,branch44mndj
953,1895,branch85wsoj
954,1238,branch79dqpv
955,1348,branch16bnbi
956,1233,branch38accn
957,511,branch31mqoq
958,1670,branch39vvtv
959,1720,branch49rttm
960,369,branch29mner
961,1959,branch08xfcb
962,1701,branch76blrk
963,837,branch83zzqx
964,1812,branch95hfre
965,896,branch80lofn
966,317,branch49yuqd
967,582,branch00kgis
968,608,branch04vudi
969,1006,branch16cjsw
970,287,branch31kyhi
971,1185,branch89fzbo
972,287,branch49buxt
973,1100,branch47kycx
974,730,branch22bess
975,1861,branch02dqmt
976,1372,branch92ghym
977,618,branch58exrm
978,224,branch19mdbg
979,354,branch35jwof
980,1347,branch42zrxi
981,1393,branch00ssbg
982,92,branch18gain
983,717,branch22upea
984,1926,branch75rpkc
985,1355,branch09iqlv
986,855,branch59xzxt
987,459,branch51wtno
988,424,branch00qcqe
989,1311,branch77vdxg
990,207,branch84wiev
991,343,branch03tlnr
992,1423,branch26aezb
993,1389,branch29pwec
994,1028,branch26ndah
995,397,branch64tqio
996,1808,branch20nhzr
997,612,branch34rdyj
998,1877,branch00vpqz
999,1958,branch12kiqk
1000,752,branch10erna
1001,1669,branch84urpq
1002,1678,branch38qbtb
1003,934,branch97hdov
1004,811,branch48gosc
1005,1670,branch70hdep
1006,396,branch34agyj
1007,154,branch36nzpl
1008,925,branch79qbbc
1009,1504,branch84amfa
1010,138,branch88gbvm
1011,181,branch14ddqw
1012,1627,branch43akaq
1013,1070,branch28sipr
1014,575,branch28gtfr
1015,1729,branch86rlpg
1016,1561,branch99cois
1017,217,branch39jmnu
1018,1913,branch37zbnh
1019,1498,branch77csig
1020,877,branch02kclh
1021,1966,branch05wafq
1022,508,branch38nyec
1023,395,branch21hqhr
1024,991,branch61qmux
1025,811,branch66siuh
1026,1574,branch12osve
1027,185,branch94qzrj
1028,1878,branch77lrzl
1029,245,branch83cjiq
1030,1237,branch61yvmm
1031,33,branch81ilur
1032,374,branch30frty
1033,988,branch54qugo
1034,1074,branch31pgzd
1035,1827,branch05ethd
1036,516,branch23ozer
1037,259,branch37blnt
1038,1774,branch39douh
1039,167,branch15ohwb
1040,223,branch29jiqq
1041,1963,branch19rxxu
1042,893,branch97efrc
1043,867,branch76xrpg
1044,1849,branch68ndaa
1045,422,branch15hmnp
1046,319,branch79qmdc
1047,1084,branch95rcmd
1048,1240,branch17syeq
1049,1128,branch98nzsu
1050,129,branch54dazn
1051,1201,branch93okgd
1052,1814,branch49ysft
1053,1795,branch74xtby
1054,154,branch95yysk
1055,224,branch27oszy
1056,1601,branch00oqxp
1057,1686,branch62qhgv
1058,829,branch41zvrh
1059,1194,branch87myav
1060,1800,branch28sowx
1061,598,branch48ulpq
1062,1567,branch73kvob
1063,562,branch52qxrg
1064,1227,branch58jklr
1065,1175,branch43nwly
1066,1236,branch73lnht
1067,1933,branch31mide
1068,1627,branch88hlps
1069,461,branch05rmjk
1070,1922,branch38ocne
1071,1679,branch55qwxf
1072,134,branch17pwlc
1073,179,branch93frtp
1074,826,branch84pcws
1075,137,branch11lexx
1076,438,branch95egzh
1077,368,branch35pcxw
1078,411,branch29sgat
1079,1706,branch29yxra
1080,612,branch62iecz
1081,1648,branch38yaoh
1082,153,branch68ojhh
1083,99,branch87jwps
1084,1134,branch45rewn
1085,821,branch24fksm
1086,551,branch14chkp
1087,337,branch47gavp
1088,1209,branch40fwnz
1089,1005,branch91pnrp
1090,925,branch46oekp
1091,1029,branch99adbw
1092,222,branch73picw
1093,1025,branch47lejw
1094,168,branch72qszn
1095,188,branch93vydf
1096,984,branch42ojpr
1097,238,branch59aoez
1098,1848,branch75ftek
1099,608,branch12whkz
1100,3,branch83wtqr
1101,1813,branch47tahx
1102,1221,branch41scny
1103,1441,branch88uqgh
1104,1638,branch58tumm
1105,883,branch44uizf
1106,1775,branch77tnip
1107,1509,branch83czqr
1108,1346,branch28kixg
1109,626,branch40mslu
1110,377,branch54bzff
1111,1329,branch53awho
1112,1262,branch82dfvv
1113,246,branch29dluj
1114,153,branch44okok
1115,465,branch87typa
1116,974,branch16xvhx
1117,1362,branch34pyfk
1118,573,branch05tdgh
1119,1796,branch51ocwf
1120,1994,branch21zpdl
1121,1503,branch12knwp
1122,734,branch82ponm
1123,1244,branch50yjzr
1124,153,branch11nhes
1125,147,branch74uwaq
1126,603,branch76byuf
1127,721,branch36rpkt
1128,1627,branch46odbu
1129,906,branch13hpol
1130,459,branch32nawy
1131,818,branch71vsyi
1132,245,branch37wfpl
1133,251,branch91ckry
1134,1475,branch03wzqv
1135,1259,branch41ncop
1136,145,branch67xnws
1137,1455,branch91hwen
1138,1013,branch07zpep
1139,1043,branch54mqdz
1140,1522,branch02zhil
1141,1502,branch64beww
1142,713,branch13qmqx
1143,290,branch74kwxi
1144,689,branch04duwn
1145,1996,branch05qklh
1146,628,branch46iksv
1147,1628,branch53pbsa
1148,533,branch59xyuw
1149,1917,branch78trra
1150,636,branch24mwfz
1151,6,branch52zivj
1152,102,branch07ynrc
1153,1996,branch27dvfh
1154,1362,branch36yrxn
1155,350,branch99imgc
1156,1713,branch69ioyv
1157,1450,branch86wenv
1158,1799,branch13tedo
1159,1822,branch90dxbc
1160,1182,branch75msqe
1161,1045,branch18erjd
1162,1095,branch88jdzx
1163,563,branch81duqr
1164,1873,branch89jgnp
1165,8,branch14kzgf
1166,1612,branch03rktq
1167,88,branch17aywk
1168,1060,branch84nawc
1169,639,branch92lbom
1170,1810,branch89dmvz
1171,1843,branch65unnd
1172,1715,branch99sznn
1173,448,branch62ixpz
1174,1537,branch95kqnl
1175,1257,branch08achr
1176,1096,branch15fkub
1177,1130,branch26kpux
1178,483,branch81jvry
1179,1279,branch74ygse
1180,1920,branch09edap
1181,884,branch76yknw
1182,1675,branch33sdea
1183,1204,branch92oczg
1184,1778,branch95hvsv
1185,436,branch03qnic
1186,389,branch72ztil
1187,854,branch91iacm
1188,1342,branch21swhr
1189,1286,branch16pioi
1190,1015,branch13lbnx
1191,1343,branch23rsan
1192,58,branch93xbra
1193,1550,branch23vpng
1194,1937,branch66qwzd
1195,1657,branch22tsvr
1196,1336,branch33spzj
1197,1388,branch11lzgj
1198,1480,branch57sess
1199,373,branch77aqgd
1200,1436,branch50ulxn
1201,1376,branch91otwx
1202,251,branch42nuby
1203,1047,branch18vgwq
1204,353,branch58gsry
1205,1078,branch32vlmr
1206,1450,branch82clcb
1207,1884,branch81nkso
1208,951,branch80bukj
1209,270,branch08kxvv
1210,1643,branch05zidl
1211,1946,branch95vtmv
1212,1184,branch56lcts
1213,1589,branch45kdyq
1214,1210,branch43ksoz
1215,1849,branch55gqrd
1216,1087,branch88mjdz
1217,1836,branch29cfia
1218,355,branch15oakq
1219,1682,branch56xfob
1220,70,branch02dbps
1221,181,branch77zunv
1222,1679,branch05fqzh
1223,1515,branch96mfzq
1224,354,branch07qraw
1225,348,branch98saoj
1226,312,branch61mwfa
1227,1444,branch18scdq
1228,1471,branch03mrfw
1229,699,branch87wbpz
1230,600,branch47szbn
1231,1534,branch14dckk
1232,455,branch23odsy
1233,963,branch51wget
1234,1054,branch72znrs
1235,614,branch05mbhs
1236,98,branch50qvzs
1237,1535,branch40ygtn
1238,1635,branch66emwy
1239,800,branch07doaz
1240,945,branch54rvsc
1241,418,branch88mgtv
1242,984,branch37gckd
1243,416,branch61abof
1244,342,branch81gzie
1245,1981,branch82eocu
1246,1839,branch99bozf
1247,27,branch90hbzq
1248,1192,branch78glol
1249,623,branch23uuan
1250,1897,branch71wzfh
1251,98,branch11rckh
1252,1499,branch86rjov
1253,382,branch00noyw
1254,1670,branch45ydzc
1255,1037,branch74zeex
1256,1674,branch88nduq
1257,146,branch38tmgq
1258,1999,branch47nnnz
1259,383,branch31azjn
1260,1557,branch11pshu
1261,161,branch49mpuv
1262,1583,branch57eqxt
1263,1055,branch35vxmp
1264,1898,branch93vpsz
1265,1417,branch02rthm
1266,435,branch47jltz
1267,1835,branch45unkf
1268,193,branch90diot
1269,68,branch77lxkl
1270,1931,branch08lmyo
1271,1186,branch00ozpg
1272,1323,branch91lgso
1273,1528,branch15qqyw
1274,1791,branch28rixq
1275,81,branch69fqoe
1276,1420,branch55lsad
1277,742,branch18dkbz
1278,155,branch02edes
1279,618,branch49iunc
1280,982,branch01ytsu
1281,986,branch17sgpu
1282,135,branch00ttnx
1283,563,branch17wayh
1284,299,branch03xzzv
1285,517,branch41rnof
1286,1579,branch67xgpq
1287,770,branch94ihbg
1288,1316,branch91xwaq
1289,518,branch42tloe
1290,1717,branch90ykmx
1291,813,branch61bydu
1292,189,branch07yarv
1293,884,branch00crsf
1294,1636,branch95seox
1295,1219,branch29hcsd
1296,1252,branch05tnqw
1297,1808,branch44qssd
1298,1708,branch92fzva
1299,160,branch23pmkt
1300,1641,branch15vamt
1301,679,branch34ndaf
1302,1838,branch83vabq
1303,1337,branch52zbxb
1304,398,branch33fzfv
1305,1155,branch39isxc
1306,1477,branch22vxyb
1307,992,branch33dkfh
1308,1532,branch89lswt
1309,1076,branch39vlct
1310,393,branch86tfwa
1311,1052,branch56qsdq
1312,1502,branch09tsat
1313,44,branch69ptig
1314,835,branch36dgsm
1315,299,branch27aulh
1316,722,branch34nbxk
1317,1101,branch95ncjc
1318,31,branch52mtno
1319,298,branch77dyww
1320,1355,branch88wvzq
1321,1309,branch25ooor
1322,504,branch59ranq
1323,903,branch60msma
1324,1200,branch70ijvq
1325,508,branch39apqk
1326,5,branch74zngg
1327,1292,branch77soad
1328,565,branch05naez
1329,844,branch46vgku
1330,847,branch09itsh
1331,1069,branch23yvzb
1332,854,branch71gkqs
1333,362,branch40enfl
1334,238,branch35nhzr
1335,720,branch80gzji
1336,483,branch70wvvw
1337,906,branch61onid
1338,944,branch38dbkv
1339,907,branch65yytd
1340,905,branch36awld
1341,1722,branch33tqrk
1342,1905,branch96zjea
1343,881,branch54donq
1344,662,branch71ztux
1345,342,branch73fuqs
1346,1209,branch88hvct
1347,235,branch52egwj
1348,498,branch14hhhe
1349,603,branch98yrkf
1350,516,branch97szjr
1351,254,branch27lfts
1352,1387,branch04cugv
1353,834,branch10fmci
1354,1374,branch86hsuh
1355,1571,branch98sdmb
1356,477,branch45eyvq
1357,759,branch60rdji
1358,1402,branch55usoh
1359,1182,branch99vxpu
1360,109,branch66wgyk
1361,1415,branch30chgs
1362,1137,branch50zdwe
1363,380,branch12pewd
1364,1528,branch92olae
1365,515,branch68ygia
1366,1560,branch12shgy
1367,1518,branch29hyol
1368,935,branch18jatg
1369,1196,branch41ogjk
1370,1381,branch10qiym
1371,139,branch95ltcm
1372,1295,branch54pebf
1373,1490,branch76xtzs
1374,1783,branch81kjyb
1375,1240,branch60goim
1376,1409,branch62tnkz
1377,688,branch00halj
1378,1968,branch36zdyr
1379,271,branch61rfgg
1380,716,branch46fjoo
1381,854,branch41wiwl
1382,161,branch45tpdi
1383,1564,branch35bpnq
1384,530,branch64onyt
1385,572,branch62fiwl
1386,769,branch36favs
1387,875,branch29xgda
1388,1330,branch68vhlu
1389,1893,branch94xcob
1390,47,branch38gawh
1391,184,branch05oyem
1392,844,branch73rtwe
1393,825,branch32epjo
1394,1248,branch53hgzb
1395,1442,branch67hpbd
1396,164,branch64dxqt
1397,1265,branch04wgny
1398,1194,branch03dclo
1399,1565,branch86lwkb
1400,1928,branch78ooum
1401,1911,branch15pcdv
1402,686,branch10rapr
1403,587,branch73aham
1404,812,branch48whex
1405,273,branch85otca
1406,1256,branch46tqbe
1407,922,branch14xkpe
1408,1630,branch96xpwk
1409,1611,branch48kphj
1410,1405,branch11wtvf
1411,1822,branch14zzkt
1412,1386,branch26wgah
1413,1691,branch14rxmp
1414,1307,branch92dwuw
1415,63,branch57pdbf
1416,1611,branch36lbcy
1417,230,branch57dakk
1418,309,branch90tecq
1419,1474,branch10ypzu
1420,55,branch88bksh
1421,106,branch24mopm
1422,1559,branch04vwsz
1423,1996,branch50fieq
1424,1988,branch16pspm
1425,582,branch13tstl
1426,1951,branch42vjys
1427,51,branch43cbjw
1428,1454,branch93fibe
1429,1470,branch30pghy
1430,732,branch59mwbf
1431,1295,branch08icxv
1432,1840,branch12kbtv
1433,1053,branch43befe
1434,798,branch51wdyz
1435,1725,branch66rick
1436,906,branch15eazi
1437,1043,branch83yprs
1438,1591,branch69uupt
1439,83,branch92qini
1440,872,branch28wwcs
1441,108,branch14hssn
1442,1773,branch71hokd
1443,151,branch38kaaq
1444,1357,branch72jxbk
1445,691,branch58jttz
1446,207,branch54rgoz
1447,116,branch67uhzw
1448,916,branch58qmms
1449,543,branch52okfm
1450,727,branch06wkjg
1451,1486,branch53dcib
1452,1346,branch85biig
1453,1110,branch40kdot
1454,1372,branch88ywlt
1455,1396,branch10rgnp
1456,1412,branch48ejur
1457,635,branch31kiio
1458,521,branch80bfmb
1459,589,branch95mcib
1460,1714,branch42sqjg
1461,1508,branch26ocht
1462,998,branch47mojq
1463,66,branch71gprs
1464,1382,branch39fnie
1465,392,branch24jxse
1466,357,branch00didt
1467,452,branch38mbxl
1468,213,branch01jrrd
1469,1847,branch86hlne
1470,1920,branch66euqk
1471,1135,branch81tzor
1472,38,branch38cqrx
1473,1596,branch96wgfo
1474,1371,branch85nspd
1475,1346,branch68oqcq
1476,1789,branch17mnxg
1477,392,branch32fuix
1478,950,branch34zbjz
1479,1461,branch03bgov
1480,1880,branch65vkik
1481,1564,branch66srze
1482,194,branch23kqxp
1483,1244,branch44dbkj
1484,1313,branch90xthg
1485,1661,branch76yxft
1486,1963,branch44iglv
1487,1080,branch82jpcl
1488,29,branch24jiuo
1489,827,branch62bige
1490,1392,branch91tgfk
1491,949,branch04zkmo
1492,431,branch99ykbo
1493,595,branch74uxtt
1494,1895,branch63ihwj
1495,1683,branch43tmnp
1496,1905,branch29prsn
1497,1152,branch58bron
1498,692,branch65cxqt
1499,268,branch34thwj
1500,238,branch10hlxn
1501,643,branch42ovzh
1502,1151,branch41onxe
1503,261,branch49mexl
1504,1960,branch03esei
1505,1178,branch91wfge
1506,903,branch13wqxw
1507,832,branch45vmzv
1508,1093,branch05xhyt
1509,1218,branch68qfoo
1510,918,branch08cocl
1511,387,branch18hhgo
1512,192,branch36orzg
1513,1535,branch75enjf
1514,1460,branch26krqd
1515,1806,branch82bmtx
1516,1902,branch39fxua
1517,329,branch78oyik
1518,1686,branch75mezv
1519,744,branch98vzde
1520,693,branch63jnsn
1521,1137,branch25sqty
1522,1337,branch87zhau
1523,148,branch01bacx
1524,1544,branch42edlj
1525,949,branch37ljjp
1526,431,branch71doyy
1527,1583,branch30aiom
1528,479,branch26fqiw
1529,1675,branch52llaz
1530,344,branch98jvio
1531,1874,branch35krbm
1532,1809,branch27ydck
1533,1716,branch68achp
1534,1542,branch26rxxc
1535,1816,branch82xfsc
1536,739,branch84hxcd
1537,1513,branch58qdxm
1538,1996,branch28qmvt
1539,1549,branch97wvsy
1540,1178,branch81ufub
1541,1768,branch81vczs
1542,159,branch12neqk
1543,1880,branch97hobr
1544,555,branch42auns
1545,1883,branch13pwmb
1546,115,branch61oeup
1547,222,branch33yutr
1548,1648,branch43wpjz
1549,1962,branch08olyj
1550,1168,branch45oiot
1551,642,branch20wpal
1552,1821,branch02exvh
1553,966,branch12zanf
1554,1421,branch08mcll
1555,126,branch33pfpk
1556,1347,branch69diji
1557,1848,branch63lltc
1558,1661,branch14jotw
1559,104,branch07ksyc
1560,1577,branch39mmje
1561,27,branch59pirj
1562,527,branch17uhrc
1563,1689,branch34epho
1564,826,branch77nqad
1565,1421,branch62yhmu
1566,1369,branch19chdi
1567,1090,branch13neoe
1568,1251,branch96ltfb
1569,198,branch92ludz
1570,1443,branch32bkqb
1571,1803,branch31qsth
1572,1343,branch92nlth
1573,153,branch06enyn
1574,993,branch99mebu
1575,1627,branch70zrnz
1576,18,branch77ejol
1577,1692,branch50coxh
1578,1516,branch60egty
1579,336,branch66cozy
1580,85,branch55kedk
1581,1644,branch87qbid
1582,631,branch58wbos
1583,1689,branch24wacq
1584,798,branch41ygfr
1585,319,branch38ktnk
1586,324,branch17xxea
1587,1105,branch95kwtx
1588,974,branch65znbl
1589,264,branch04mucn
1590,1600,branch30flgc
1591,449,branch33igos
1592,338,branch66hdbc
1593,338,branch01ldnx
1594,1171,branch89dqhp
1595,1275,branch07ucex
1596,693,branch45fnsn
1597,207,branch55tbgw
1598,819,branch12tqwy
1599,1489,branch26aczg
1600,1193,branch29xaop
1601,1737,branch73swcp
1602,577,branch81qdcd
1603,1493,branch47aehz
1604,909,branch94qzbl
1605,931,branch89jbvs
1606,895,branch50voed
1607,1224,branch11crmq
1608,1677,branch78oszh
1609,88,branch14xtma
1610,1373,branch46xxkv
1611,1690,branch43imyp
1612,528,branch09qolu
1613,1555,branch20xxxb
1614,415,branch95pdnf
1615,1340,branch87bjqu
1616,1174,branch15clwp
1617,191,branch87jyuh
1618,1788,branch93vfcp
1619,1832,branch10acmk
1620,975,branch35tbkd
1621,508,branch93zpie
1622,1618,branch58syhw
1623,186,branch15coms
1624,1431,branch80rulj
1625,1338,branch60onfb
1626,278,branch83hrex
1627,166,branch48dsga
1628,1503,branch19rlwp
1629,1571,branch74xbrf
1630,738,branch84asko
1631,469,branch51pxry
1632,1277,branch79jlut
1633,1903,branch06ersv
1634,1359,branch55yobw
1635,910,branch18wzbq
1636,1958,branch42psru
1637,1468,branch23nvem
1638,264,branch78gflj
1639,328,branch81mkna
1640,224,branch79bvfe
1641,139,branch54jxmh
1642,296,branch98jkyt
1643,558,branch52ldoi
1644,1475,branch07wzqo
1645,1066,branch88kfva
1646,249,branch11xhxt
1647,1381,branch32kmsv
1648,254,branch02oqxm
1649,1268,branch31pcmw
1650,729,branch98rfvc
1651,519,branch18fxum
1652,1521,branch33wrbg
1653,708,branch70bqie
1654,1872,branch59piam
1655,436,branch74wyyw
1656,1053,branch74kpjr
1657,1788,branch38swiw
1658,923,branch77fklx
1659,274,branch53tfxi
1660,74,branch70riol
1661,1220,branch37fdnn
1662,460,branch90gqev
1663,363,branch14qbdi
1664,980,branch24midh
1665,820,branch29iabs
1666,45,branch52oaiq
1667,1568,branch71qocp
1668,1389,branch54cben
1669,1352,branch13tzhx
1670,1655,branch97lyfz
1671,1271,branch92lnui
1672,1886,branch48kdfa
1673,1777,branch50phsl
1674,1948,branch18crse
1675,814,branch54gggn
1676,1918,branch10wffw
1677,213,branch06wfll
1678,468,branch12czhd
1679,1350,branch80snla
1680,1958,branch13vcxo
1681,551,branch65kqto
1682,339,branch06bhyt
1683,1300,branch35oqhd
1684,1685,branch59ijys
1685,229,branch63aiba
1686,1697,branch35vipk
1687,1357,branch73ifvf
1688,1693,branch00gztm
1689,950,branch35jvgo
1690,1582,branch21qryg
1691,488,branch02fstt
1692,1323,branch37rbon
1693,357,branch97dvtf
1694,564,branch66ulhv
1695,1929,branch61tapk
1696,1973,branch57opyr
1697,1890,branch55tvic
1698,1638,branch74oypr
1699,221,branch32vahg
1700,974,branch44stdn
1701,700,branch60eaiu
1702,588,branch11zlqz
1703,226,branch90uath
1704,847,branch89vpue
1705,1894,branch33dlah
1706,512,branch58wvnn
1707,1133,branch78luec
1708,1088,branch78qfcj
1709,1406,branch20aemd
1710,1345,branch85erpn
1711,806,branch94skmu
1712,1361,branch84nsmv
1713,1268,branch85vdfh
1714,490,branch92dysn
1715,1645,branch23emft
1716,1703,branch00mird
1717,165,branch64ublz
1718,164,branch43vuny
1719,1715,branch70rmvf
1720,1532,branch43zjwj
1721,1370,branch19jala
1722,1440,branch97sgog
1723,496,branch81gqpe
1724,1363,branch35bxwz
1725,1067,branch63ctrk
1726,1306,branch34rclq
1727,1179,branch09zmfp
1728,227,branch90nltx
1729,1104,branch14irsu
1730,95,branch54tuqx
1731,485,branch68oofp
1732,1138,branch31ijby
1733,124,branch09abrb
1734,1086,branch90oklm
1735,527,branch19bgml
1736,196,branch08mvnp
1737,1383,branch59emhk
1738,399,branch97kyul
1739,1010,branch13bpqb
1740,382,branch15hvum
1741,141,branch82xurg
1742,399,branch60oxzr
1743,240,branch64ypcy
1744,1966,branch79zpvz
1745,1294,branch91zzcc
1746,1757,branch84mabr
1747,731,branch92tuhc
1748,1256,branch67qvvl
1749,1988,branch55hfsm
1750,517,branch37ofka
1751,285,branch49zozf
1752,1960,branch24lsms
1753,1879,branch77svvj
1754,1574,branch04dmrl
1755,254,branch34upqe
1756,164,branch28idun
1757,550,branch86qoii
1758,560,branch59gtnn
1759,1922,branch30kkjm
1760,1530,branch99dczi
1761,161,branch83ufmq
1762,93,branch47mplx
1763,563,branch33cypm
1764,206,branch15snxp
1765,1910,branch50vfbn
1766,1135,branch99frvz
1767,1015,branch95uynw
1768,118,branch86trrj
1769,448,branch09burl
1770,1304,branch90fltz
1771,1831,branch29dlio
1772,1770,branch33nkvz
1773,953,branch64xqst
1774,176,branch56gtrv
1775,1750,branch20bprl
1776,1879,branch95lsef
1777,1757,branch93hbdn
1778,460,branch28ydqj
1779,1482,branch47whln
1780,897,branch36bcce
1781,600,branch69yhrj
1782,776,branch07uhke
1783,1269,branch60savk
1784,1607,branch22nluo
1785,1206,branch84kqwz
1786,1829,branch62jmux
1787,1424,branch24ctgt
1788,900,branch36pnyr
1789,735,branch19lvtd
1790,1077,branch52wugr
1791,1058,branch94kuio
1792,850,branch44yhez
1793,492,branch20qvhw
1794,271,branch09kxnh
1795,373,branch45thhg
1796,1212,branch60jsgv
1797,1308,branch04spjx
1798,788,branch54zwfw
1799,297,branch17tedb
1800,1344,branch14hsmn
1801,1832,branch68kejw
1802,1597,branch75wngb
1803,135,branch82njjs
1804,644,branch47ncro
1805,921,branch85snfw
1806,545,branch62otci
1807,156,branch48uprp
1808,1358,branch44upcx
1809,128,branch49xnas
1810,1166,branch26npon
1811,400,branch60ptfp
1812,943,branch47soyy
1813,1861,branch81qejp
1814,144,branch37xnbj
1815,354,branch22xomo
1816,969,branch39xzjt
1817,503,branch59qggi
1818,713,branch83quui
1819,839,branch99ilaj
1820,532,branch34zbsk
1821,584,branch91bqsd
1822,887,branch54vzmx
1823,1767,branch04yttf
1824,280,branch83svky
1825,1847,branch43pory
1826,141,branch88wbyt
1827,115,branch54cfli
1828,1946,branch88liuj
1829,1292,branch62gvks
1830,825,branch26wtls
1831,1764,branch53feyz
1832,1021,branch87cfes
1833,1422,branch67hiuz
1834,524,branch35hmyz
1835,202,branch47tyrn
1836,1344,branch03ginm
1837,1096,branch86jewx
1838,383,branch53csgv
1839,431,branch18hpai
1840,1828,branch05wrxg
1841,1641,branch46rtgt
1842,1123,branch86mopy
1843,1681,branch79wewc
1844,1633,branch44scio
1845,1623,branch98yoht
1846,1376,branch77ndnz
1847,1512,branch10btll
1848,1958,branch01iudx
1849,672,branch24oxgv
1850,1711,branch39xdeb
1851,395,branch16omoh
1852,816,branch07xkov
1853,504,branch76qxje
1854,1232,branch37ibxl
1855,931,branch51djhl
1856,345,branch12vory
1857,1635,branch80mxxw
1858,403,branch64ttyv
1859,475,branch32odco
1860,240,branch90lkjd
1861,1558,branch23dkrs
1862,670,branch99czre
1863,1693,branch38yxch
1864,1975,branch47wtzd
1865,1166,branch43peaz
1866,1406,branch75rlwh
1867,1526,branch19bgic
1868,189,branch09odfr
1869,431,branch56kpoh
1870,1859,branch88ggny
1871,1975,branch28bxwh
1872,553,branch19azci
1873,229,branch41cqqo
1874,68,branch43miip
1875,1401,branch64uxyh
1876,1324,branch56zomi
1877,1466,branch12lxns
1878,749,branch73xzbv
1879,249,branch93ihok
1880,409,branch41hyro
1881,758,branch52odot
1882,485,branch11wvtd
1883,528,branch66whqt
1884,945,branch66yftq
1885,554,branch76meke
1886,603,branch36zbxf
1887,256,branch73psbk
1888,965,branch76tzwj
1889,475,branch72zbkt
1890,1233,branch06ihgy
1891,23,branch89dthw
1892,651,branch47jvlk
1893,1778,branch87zvtx
1894,1353,branch11zycc
1895,45,branch85chbh
1896,480,branch45jpdg
1897,1744,branch31fayb
1898,1913,branch20zwxe
1899,1237,branch19zhhs
1900,1675,branch48lcfw
1901,72,branch12kbff
1902,1104,branch00uzgk
1903,3,branch83dgtu
1904,1516,branch15hqaf
1905,336,branch40vlix
1906,1354,branch93yybq
1907,1774,branch68ewmc
1908,1843,branch01bink
1909,1678,branch62ubuj
1910,1758,branch48peis
1911,1285,branch20rgjk
1912,1899,branch68yobk
1913,1576,branch00abce
1914,154,branch46ryry
1915,1538,branch81hanq
1916,1844,branch08mgvr
1917,85,branch66lfkt
1918,260,branch44piih
1919,1948,branch28ojzs
1920,1777,branch07dpva
1921,306,branch29imzk
1922,210,branch80zwkt
1923,1909,branch48diiz
1924,1737,branch64msyy
1925,640,branch68ypeg
1926,1550,branch90evqd
1927,197,branch37jzpo
1928,1742,branch03elrr
1929,1534,branch77parj
1930,543,branch14zpoo
1931,431,branch87vbop
1932,1536,branch10dbna
1933,65,branch48aryz
1934,720,branch16vuhu
1935,1205,branch28dtpu
1936,1084,branch30riok
1937,1344,branch11lfwl
1938,28,branch28ymoj
1939,1952,branch40eoru
1940,919,branch23llaw
1941,1306,branch65dpee
1942,599,branch21ceyw
1943,694,branch61msba
1944,440,branch64vpek
1945,218,branch00mgkg
1946,1142,branch77qgcp
1947,1542,branch90siya
1948,408,branch51qehp
1949,872,branch99zujt
1950,364,branch34ojxs
1951,558,branch16zawe
1952,19,branch67aosn
1953,43,branch04lami
1954,667,branch12yvwl
1955,719,branch93dshh
1956,246,branch06sytb
1957,308,branch23ceib
1958,623,branch76yfnh
1959,633,branch79raiy
1960,1972,branch90ijgj
1961,542,branch21hcge
1962,1403,branch90yoyu
1963,233,branch07yfbh
1964,1762,branch74wgmy
1965,808,branch12fzws
1966,1250,branch53ydwr
1967,872,branch90uueh
1968,1203,branch21kuvz
1969,1234,branch18imuz
1970,1804,branch63ammy
1971,90,branch49fzdv
1972,1016,branch15xsgn
1973,1552,branch25xfyb
1974,1903,branch43tolp
1975,483,branch17cvdh
1976,705,branch48vamc
1977,673,branch86xjrw
1978,131,branch44oafk
1979,976,branch53ysks
1980,1917,branch99zytu
1981,1635,branch19zsra
1982,1012,branch43zsap
1983,434,branch20axck
1984,445,branch23qgbf
1985,1312,branch85tcnb
1986,310,branch95tdso
1987,279,branch26xffj
1988,252,branch33jdwl
1989,1840,branch61kumn
1990,1542,branch72hkac
1991,1337,branch46pdsr
1992,1864,branch97robc
1993,419,branch84orso
1994,1605,branch15bkop
1995,1096,branch70tygx
1996,661,branch24wuuu
1997,261,branch02pfyv
1998,382,branch52nocc
1999,1565,branch14edpq
2000,1120,branch60iicz