id,project_id,repo_name
1,1224,repo11vuet
2,575,repo85pgen
3,1083,repo55sixf
4,1334,repo58beym
5,254,repo19irar
6,543,repo39fpfp
7,1392,repo59oklb
8,1508,repo20btfi
9,262,repo69nckw
10,450,repo19zwei
11,1164,repo13llpg
12,515,repo65dwsu
13,1847,repo03phyo
14,722,repo86kyhy
15,855,repo19ugot
16,133,repo82qwoi
17,1349,repo22bprw
18,1917,repo18bukt
19,1455,repo73frgq
20,609,repo95twim
21,284,repo08zkms
22,1707,repo48qnmo
23,1883,repo26tbkv
24,1923,repo18zekv
25,1955,repo61eptf
26,996,repo30wlmm
27,1312,repo81wtyl
28,1636,repo60eqkn
29,430,repo98nmjm
30,398,repo15qeie
31,1110,repo86aqym
32,1027,repo95ffeo
33,896,repo41jenj
34,1220,repo64yfcg
35,266,repo69iibv
36,746,repo28jjbq
37,991,repo08exex
38,810,repo65pqrk
39,521,repo61aowd
40,552,repo52yfhr
41,1671,repo30htcf
42,87,repo36acmt
43,429,repo27rley
44,1257,repo87fcdw
45,1634,repo06uidt
46,311,repo24erak
47,400,repo08ausb
48,863,repo76yvth
49,1316,repo88dsnc
50,1798,repo43xize
51,343,repo17ymyv
52,51,repo78qgai
53,420,repo58dumc
54,1868,repo13mkiq
55,95,repo47bhcx
56,1888,repo76vgus
57,1144,repo65vlwp
58,541,repo39kpbm
59,1125,repo47nbor
60,1628,repo67vxoz
61,19,repo60anta
62,781,repo36fzqg
63,1031,repo36gahk
64,90,repo74szjj
65,1492,repo23gouh
66,596,repo97ebea
67,1827,repo87xief
68,955,repo66zwog
69,950,repo82hznr
70,1424,repo99zxjn
71,1178,repo35iars
72,1856,repo30fzvj
73,367,repo92hdix
74,1643,repo53kqwx
75,416,repo54stei
76,375,repo78ysni
77,610,repo41nzfw
78,324,repo80lxzq
79,1969,repo73mvuo
80,1268,repo06tmbz
81,723,repo26ptic
82,5,repo32kqwx
83,827,repo78olnn
84,208,repo27xrnz
85,1414,repo44ucqe
86,1137,repo08bdii
87,629,repo98yzbt
88,1652,repo38iqip
89,540,repo48avyq
90,316,repo00bnrq
91,337,repo55etgu
92,138,repo44jaip
93,515,repo02pazr
94,1098,repo51dazg
95,202,repo09zeal
96,992,repo91uzoy
97,1655,repo20tqmk
98,444,repo55hboc
99,827,repo09pcpg
100,1464,repo84kmyo
101,414,repo92tcrw
102,270,repo45ukih
103,727,repo08fuaz
104,1150,repo69khmo
105,1097,repo10awig
106,1249,repo54fygh
107,590,repo75qcxt
108,872,repo79wtib
109,1775,repo90akmp
110,430,repo77ligo
111,120,repo94rpzx
112,1027,repo41zzam
113,369,repo26jpio
114,799,repo28xuxl
115,1088,repo53gioj
116,46,repo74jfix
117,560,repo87yooz
118,1243,repo86dkbh
119,1313,repo49rhkd
120,807,repo67kvnt
121,559,repo46zvui
122,96,repo24micd
123,425,repo97elgn
124,1022,repo27zfzj
125,1338,repo27zuei
126,526,repo80felp
127,499,repo54bxen
128,210,repo96nlhy
129,1141,repo11ulsa
130,299,repo01tola
131,783,repo94qpuw
132,1369,repo00pcis
133,1845,repo25ofxd
134,1463,repo97mltm
135,950,repo16oank
136,1716,repo64fpgl
137,1167,repo84pehh
138,801,repo47crwg
139,428,repo09myed
140,620,repo86lmdk
141,1944,repo30xptz
142,1524,repo90zadc
143,1126,repo87bwos
144,865,repo36jogd
145,1348,repo85jtjj
146,257,repo54uete
147,1207,repo27zccw
148,1171,repo56nqve
149,1124,repo71ofkh
150,1160,repo77oikw
151,1279,repo94vmuq
152,1017,repo12nvmi
153,1120,repo63cyyw
154,294,repo43hjje
155,935,repo07oxht
156,744,repo69fmta
157,938,repo46nsnh
158,154,repo28yjgz
159,589,repo20ktxo
160,1110,repo84qnzb
161,1368,repo37hcfa
162,975,repo64toyv
163,1375,repo41ongq
164,1101,repo70jyek
165,498,repo19baga
166,558,repo98qxwh
167,520,repo05fquk
168,953,repo10quai
169,650,repo86ugzv
170,1533,repo55qldl
171,1130,repo97tvzb
172,1340,repo99ffug
173,1788,repo82kjpv
174,483,repo29szmm
175,1510,repo46hgyj
176,409,repo57furx
177,14,repo88buft
178,1424,repo46rxbf
179,680,repo30fxfr
180,1014,repo42hurs
181,1726,repo79gcgg
182,368,repo06rmyh
183,533,repo17yfdz
184,1581,repo69gfmq
185,389,repo59rcsb
186,547,repo13wajf
187,1150,repo32hqau
188,547,repo43cyyo
189,155,repo48uuqk
190,983,repo11kxvm
191,110,repo19olyh
192,533,repo07qtfx
193,785,repo77vgqc
194,1776,repo60aouz
195,1184,repo86vepu
196,1046,repo17vzjc
197,823,repo92jkzm
198,800,repo72otzs
199,1662,repo25qdpq
200,1947,repo35btzm
201,1074,repo39hbbc
202,1227,repo08ryed
203,1016,repo95vows
204,488,repo59cxar
205,557,repo57adgg
206,1880,repo89mlym
207,1121,repo21dwfq
208,1823,repo52aakm
209,470,repo70kspn
210,1746,repo95mswn
211,1536,repo65czxm
212,1899,repo07afvc
213,611,repo89lidg
214,282,repo42eepx
215,1615,repo66nadi
216,509,repo11cvbs
217,1714,repo42nsdh
218,810,repo50btvk
219,1412,repo81hkdx
220,1072,repo94puxj
221,207,repo33lqyd
222,1978,repo39vspr
223,1864,repo70nvye
224,9,repo07pqpm
225,145,repo68xech
226,1264,repo62nofr
227,804,repo67nxvc
228,392,repo17bozx
229,1624,repo66vrki
230,923,repo22khgv
231,898,repo55fvyj
232,1107,repo62jmsi
233,1199,repo95tbxi
234,1971,repo58fpbp
235,1917,repo33qvpt
236,496,repo54strj
237,851,repo31odjo
238,1897,repo04nsph
239,1183,repo10sejp
240,684,repo01jcjk
241,29,repo94jejc
242,671,repo15tjql
243,1915,repo91byqj
244,898,repo51vjme
245,1178,repo20yimw
246,1437,repo54facm
247,503,repo23sifl
248,439,repo51cmoa
249,787,repo65tmws
250,1824,repo84xqrb
251,1572,repo33kxde
252,991,repo88hvzt
253,1984,repo91tmlr
254,1921,repo38nwxq
255,1873,repo01szkl
256,1566,repo89agum
257,430,repo95pecg
258,377,repo26osub
259,1491,repo80lybt
260,1825,repo84jero
261,1330,repo77rwiq
262,809,repo52cqzn
263,1240,repo74ldij
264,1449,repo94ixak
265,251,repo91ouih
266,1925,repo06whiw
267,385,repo48kmur
268,1067,repo66chnf
269,187,repo87yxzg
270,1588,repo82vehk
271,393,repo64tpju
272,218,repo25hmmg
273,576,repo12lojp
274,1331,repo90ufxc
275,540,repo62iwqs
276,443,repo02yenk
277,1216,repo29ukpq
278,641,repo93ojfs
279,1540,repo10hsfz
280,1523,repo85jbbo
281,1824,repo34cjgm
282,1074,repo58sfyg
283,1490,repo13srhy
284,1483,repo17vkks
285,1488,repo33dqgg
286,553,repo58qugl
287,527,repo13rzkd
288,792,repo44rivn
289,1324,repo31opqs
290,1017,repo36ymaj
291,876,repo75rejq
292,744,repo98ukxx
293,437,repo78mktv
294,1347,repo05capy
295,202,repo97kzcu
296,581,repo79mxpu
297,528,repo50ekyk
298,1795,repo70ebji
299,5,repo67fdeh
300,103,repo62wino
301,270,repo04qjbh
302,907,repo10bpbi
303,393,repo97xurc
304,1948,repo94kjji
305,1454,repo64mabo
306,373,repo98fkvp
307,382,repo26wwcj
308,1267,repo65awqm
309,477,repo57feth
310,179,repo74cxov
311,420,repo42hhpv
312,1048,repo41ekro
313,1260,repo00dlfo
314,424,repo16oxca
315,510,repo46puyw
316,46,repo96dyqs
317,669,repo27btug
318,1226,repo93egbh
319,1148,repo15homk
320,1350,repo78zxjc
321,1858,repo16benm
322,1027,repo23fmle
323,1314,repo27nbjw
324,429,repo77rtvq
325,783,repo14hkxt
326,1870,repo54uazm
327,1053,repo93ftle
328,1587,repo73zjlp
329,171,repo26kpig
330,295,repo47rufg
331,566,repo08mixq
332,542,repo36gncp
333,526,repo62laan
334,1040,repo83clyy
335,1467,repo33opmo
336,1020,repo01ftnb
337,1962,repo31rmvk
338,1133,repo92klju
339,417,repo00ozyr
340,799,repo90jdaj
341,1704,repo26ftle
342,850,repo37qjen
343,492,repo42djam
344,145,repo11unkm
345,268,repo24ckcn
346,1763,repo64eljf
347,259,repo44jizs
348,262,repo99oxrb
349,1812,repo33rudy
350,73,repo95mljq
351,1309,repo90loef
352,353,repo23wljb
353,1416,repo28oalt
354,1549,repo79rnoq
355,368,repo71axvp
356,1272,repo68ibjj
357,1804,repo41sell
358,1246,repo61jxtj
359,1211,repo25wplh
360,165,repo63hjkk
361,1911,repo04genr
362,650,repo10pypt
363,1107,repo65dsyq
364,1832,repo50inas
365,1104,repo83shxf
366,1052,repo02vtzu
367,1900,repo68tmnt
368,861,repo42pasq
369,422,repo17pnpm
370,1184,repo98wsse
371,1581,repo89visp
372,132,repo17jvui
373,1067,repo43wqlo
374,801,repo32rcug
375,906,repo59rzsg
376,1593,repo19uwmq
377,856,repo11vise
378,15,repo77koai
379,898,repo70yzqo
380,1849,repo57lazx
381,1389,repo97qdha
382,1884,repo79cuaz
383,1498,repo22igsb
384,1612,repo84dtre
385,373,repo99teht
386,976,repo25vfzo
387,1557,repo67pboo
388,806,repo29ljhd
389,636,repo78xoxh
390,1909,repo22peum
391,1115,repo15fres
392,1868,repo67psfn
393,1465,repo56zuqg
394,1771,repo75wlsu
395,237,repo75tzdi
396,708,repo68zymu
397,489,repo94oyya
398,868,repo50oflk
399,503,repo69iicx
400,1505,repo49fglh
401,839,repo81lbck
402,1301,repo86cgyd
403,568,repo67oycc
404,1754,repo15lksh
405,610,repo18suhd
406,1081,repo97tplo
407,92,repo50yzhw
408,975,repo93dqbv
409,63,repo44ypsl
410,271,repo39snxw
411,747,repo74ixyc
412,1273,repo03qrrs
413,965,repo24xwmc
414,523,repo93dpxt
415,1971,repo84yifb
416,1962,repo41albr
417,1778,repo47urqd
418,195,repo89czpm
419,507,repo01sgjk
420,478,repo59fxmj
421,1141,repo43zjlr
422,1419,repo99myrk
423,1058,repo18zxlk
424,1279,repo41fttv
425,1572,repo95hzgz
426,287,repo44jixm
427,1983,repo46jrcd
428,1692,repo80hmyf
429,561,repo76omfv
430,477,repo25ftsm
431,1336,repo73psxj
432,1815,repo32qzav
433,434,repo25vinh
434,1717,repo82gjry
435,544,repo35ccnm
436,1830,repo77ntfm
437,649,repo36twxc
438,657,repo25zlsh
439,1794,repo96tpjd
440,958,repo80musm
441,1787,repo19xbjo
442,1477,repo50oezg
443,1708,repo84jrcx
444,1083,repo17ixzy
445,1232,repo76eigg
446,816,repo67ardh
447,1989,repo74boav
448,156,repo75rsak
449,1218,repo63jkuz
450,1010,repo47bbnz
451,797,repo70jkhl
452,331,repo81sueq
453,1774,repo29ynkm
454,704,repo01gkwx
455,1318,repo94xmnb
456,1838,repo09tmbp
457,1249,repo78ouvr
458,1651,repo72mveg
459,1977,repo54ilya
460,935,repo88vkxt
461,1021,repo48bypi
462,1718,repo39eaod
463,46,repo25hgpw
464,1113,repo31jofw
465,159,repo63simf
466,906,repo00rtfu
467,1183,repo83blpt
468,1005,repo10lrki
469,1754,repo49gtti
470,257,repo14krhv
471,1679,repo15pccv
472,1948,repo76xfyn
473,507,repo84xweh
474,1257,repo98rjya
475,1004,repo12zohl
476,114,repo40srsj
477,1082,repo40jdhl
478,186,repo64djws
479,298,repo19oyzf
480,512,repo40lwjz
481,746,repo46macg
482,1720,repo59jbej
483,232,repo60ogdb
484,534,repo11supe
485,790,repo26rzfx
486,237,repo39hopz
487,1603,repo81bshk
488,716,repo53dbks
489,1181,repo80srkd
490,8,repo98qxil
491,332,repo04rxaa
492,976,repo68wyos
493,975,repo02hjcf
494,309,repo13tcdx
495,1249,repo01lvsp
496,260,repo90serw
497,808,repo59grwr
498,25,repo00rhgk
499,520,repo17hiwk
500,1959,repo50zmpx
501,338,repo47ffyy
502,557,repo96himf
503,260,repo24umkk
504,894,repo94agzx
505,1438,repo20elvq
506,525,repo33mzmx
507,977,repo73jsyf
508,503,repo43nvkr
509,1446,repo88ewhb
510,1043,repo94xcfr
511,939,repo41dibl
512,1020,repo20tuua
513,903,repo89trab
514,1221,repo71uzmn
515,1811,repo79tgxq
516,728,repo07kpif
517,924,repo04epai
518,318,repo67irqp
519,391,repo63jqqx
520,1389,repo83ppjg
521,887,repo59wynf
522,814,repo81rqtc
523,679,repo17jpsz
524,262,repo56rxna
525,1175,repo83mkhl
526,1039,repo75ulhq
527,529,repo35ukby
528,1805,repo35uidg
529,12,repo72aevg
530,1105,repo11rszy
531,489,repo18qixk
532,1232,repo09ybrp
533,1701,repo80mycl
534,692,repo78setc
535,405,repo10etiv
536,1362,repo57grmy
537,42,repo04frly
538,1073,repo33ldkv
539,1074,repo33pdxw
540,1013,repo91nrot
541,1754,repo86boyr
542,1250,repo28dgdy
543,1182,repo81wlcw
544,881,repo82fyph
545,1116,repo09ndtm
546,1834,repo79zkhn
547,197,repo99zsvl
548,751,repo24mfkg
549,1417,repo16mhyc
550,209,repo00lakb
551,1398,repo33ikdh
552,213,repo04vfeu
553,449,repo01twcl
554,1387,repo59mgmv
555,1617,repo00vlge
556,1397,repo99ejbr
557,250,repo05uydc
558,650,repo71yvho
559,1153,repo26zrrz
560,735,repo72xcua
561,258,repo14luxm
562,1129,repo43gumz
563,1031,repo21xdsx
564,1551,repo95hvsx
565,1119,repo41aecv
566,1765,repo40iiwv
567,236,repo53ngid
568,1205,repo33ugfk
569,451,repo52iwec
570,18,repo94lxkv
571,1186,repo21pifv
572,1971,repo17ccdx
573,249,repo19xahr
574,583,repo96kgfp
575,1379,repo79nyiz
576,1819,repo97kybo
577,641,repo91kwht
578,123,repo80qukn
579,159,repo47adeh
580,422,repo56biyo
581,498,repo60lgru
582,1386,repo62sulm
583,834,repo93zzxx
584,572,repo23ijej
585,1511,repo04gysn
586,1892,repo36jizq
587,1520,repo21ecwj
588,1634,repo64almz
589,1228,repo16ocbq
590,898,repo76vkdd
591,203,repo83ikaj
592,376,repo01rykg
593,695,repo83cvnv
594,545,repo22wryv
595,1824,repo25deao
596,1824,repo02dycj
597,1546,repo82uson
598,178,repo38qbbq
599,1559,repo10hwxc
600,1012,repo82vabi
601,209,repo44yuyi
602,950,repo00cnan
603,224,repo68qlrb
604,16,repo86arir
605,1460,repo18fagy
606,1615,repo97kjct
607,698,repo57pmki
608,162,repo92xghe
609,570,repo70hxeo
610,513,repo08ynrn
611,1879,repo71npcx
612,1121,repo55cbtz
613,1301,repo06vhkt
614,59,repo84aqdt
615,534,repo89gftt
616,520,repo19clrg
617,1963,repo32puxj
618,1441,repo38djpp
619,1268,repo54gjnz
620,243,repo63bgpf
621,401,repo90ripv
622,1504,repo86fhao
623,471,repo83czgj
624,541,repo77gxmg
625,1590,repo87hclj
626,1961,repo08mwbz
627,559,repo92dpmg
628,1129,repo10ijrg
629,777,repo87fqjj
630,616,repo93pksy
631,1396,repo53cyva
632,950,repo26afjb
633,1822,repo65hczk
634,1954,repo13syyt
635,1508,repo99bhcq
636,1953,repo75zosc
637,638,repo47wkxs
638,1047,repo27evov
639,362,repo22ulcm
640,1081,repo45zwum
641,43,repo07iakv
642,706,repo26blpi
643,422,repo78xsjn
644,1871,repo75akcq
645,1860,repo83apuk
646,90,repo50gxus
647,1335,repo66ikqp
648,1635,repo35jrbd
649,252,repo84uabs
650,104,repo06mpgs
651,609,repo09kbif
652,587,repo82xzpp
653,516,repo41uuxs
654,746,repo63chun
655,1042,repo84egqq
656,1163,repo87ktkb
657,1645,repo18fmpl
658,461,repo41gect
659,1993,repo08alyr
660,4,repo54phpi
661,688,repo90kxwf
662,1738,repo88noav
663,765,repo72lbmz
664,1899,repo68emph
665,185,repo37bapu
666,509,repo30xepk
667,1110,repo79jcju
668,1335,repo64phuc
669,1146,repo44vodp
670,63,repo63jmao
671,821,repo67ykwb
672,1486,repo98nkfx
673,1600,repo03hpjk
674,1028,repo00aaej
675,908,repo66vkcw
676,1001,repo84swvz
677,554,repo66hhqy
678,1398,repo43goos
679,1639,repo35gepi
680,1122,repo69edbf
681,1335,repo40ofbk
682,307,repo11yjyl
683,211,repo56vwzl
684,287,repo04mljj
685,1389,repo41ksch
686,776,repo38nnci
687,885,repo35oheu
688,773,repo88axok
689,1324,repo38wexg
690,1586,repo33moij
691,1023,repo25dymd
692,1570,repo40dbkd
693,1172,repo05jwmt
694,1846,repo41uszv
695,1073,repo39tyox
696,1703,repo14pxrl
697,133,repo72spko
698,147,repo90jtjy
699,992,repo92ruzn
700,1058,repo55vksx
701,849,repo28ujnw
702,1050,repo07woui
703,341,repo70dfec
704,1709,repo29csvg
705,261,repo63dweh
706,264,repo44foiw
707,472,repo95myaw
708,1065,repo24lcgz
709,1825,repo32ncxo
710,297,repo67inrd
711,1733,repo67kxkk
712,568,repo74ytyc
713,1268,repo54mdbr
714,366,repo50yuzv
715,439,repo00zcra
716,700,repo67xewk
717,1703,repo57idwq
718,566,repo39pvmf
719,893,repo79jtbw
720,365,repo94aeud
721,983,repo73xvfs
722,1284,repo06ziur
723,1378,repo04xsuw
724,1559,repo91vide
725,205,repo26keen
726,1109,repo34jxoo
727,923,repo84vxnt
728,592,repo61sodk
729,361,repo40dlru
730,929,repo99igup
731,250,repo12jkrq
732,945,repo71feuo
733,1551,repo53rbla
734,833,repo41qtqg
735,692,repo27bayt
736,1142,repo81ahmo
737,600,repo07iblw
738,1726,repo59kvjz
739,523,repo76gsbw
740,785,repo20btao
741,537,repo45geoc
742,278,repo47nqio
743,250,repo64lfpj
744,770,repo45tfbt
745,518,repo44rwuv
746,283,repo44yvgh
747,530,repo40fpwf
748,1045,repo76lkvq
749,1830,repo61xbjc
750,338,repo44ywuh
751,1010,repo69mmke
752,1628,repo93cnpb
753,521,repo48khkp
754,520,repo71sltb
755,223,repo54kxjk
756,1584,repo72bffc
757,270,repo46vmae
758,1463,repo65wpjt
759,586,repo40rnlf
760,1344,repo56ofeq
761,200,repo31usck
762,859,repo76vrbu
763,1729,repo76qvou
764,1408,repo58jvbo
765,158,repo93kpai
766,1656,repo15tzxe
767,1414,repo57crfz
768,311,repo81zwnt
769,1389,repo07xiaq
770,725,repo37gcel
771,1784,repo45idxq
772,835,repo39tukq
773,500,repo70gcgk
774,1768,repo60ehjq
775,1913,repo18vglr
776,584,repo43dxzo
777,191,repo06pfou
778,546,repo47tffp
779,1454,repo86gthg
780,1414,repo03marl
781,1120,repo34bnbh
782,1765,repo85jmfz
783,1848,repo19mhff
784,1254,repo21kajz
785,685,repo14hrpp
786,1390,repo12catk
787,342,repo12enog
788,829,repo26ftze
789,366,repo67jxwt
790,919,repo67amzs
791,1937,repo16fdre
792,1493,repo09jkve
793,343,repo68kuxn
794,1416,repo95vmyt
795,1500,repo42twhd
796,132,repo44emup
797,1528,repo76clsc
798,986,repo79nbhw
799,124,repo56lizx
800,785,repo07rxob
801,373,repo57qsce
802,998,repo54mqgc
803,400,repo36pbhc
804,438,repo81fxwi
805,1385,repo54xwda
806,577,repo33wdxa
807,826,repo66xsyw
808,968,repo33jupd
809,1745,repo82dklq
810,1657,repo30pddt
811,1339,repo21zrof
812,1083,repo32kndw
813,1051,repo11hjgs
814,1778,repo77kged
815,535,repo45mcvh
816,1681,repo82xwqo
817,162,repo75siwn
818,1221,repo94evgu
819,1556,repo71emsz
820,1996,repo43ywuv
821,1540,repo85bvit
822,252,repo24ephv
823,438,repo57pscg
824,9,repo17fqrs
825,956,repo74hcru
826,1921,repo64skkp
827,1700,repo91ivil
828,345,repo75ypuh
829,340,repo58tysg
830,1827,repo79ajza
831,1373,repo66wmho
832,1087,repo74vtfj
833,1718,repo84dkbv
834,39,repo04ywsj
835,1756,repo21ydnn
836,209,repo02zmuy
837,673,repo96fqls
838,26,repo10pcfg
839,1470,repo98cmjm
840,1406,repo44lsnb
841,836,repo18xqot
842,1454,repo53jfqp
843,381,repo49ttxp
844,281,repo12jbkv
845,1457,repo12jcew
846,668,repo92unih
847,1777,repo94tpre
848,891,repo68kzks
849,1485,repo55fjjv
850,230,repo84bzpu
851,1060,repo02krsa
852,793,repo42rpri
853,1153,repo83rpjj
854,1142,repo48pnkx
855,545,repo02ydmf
856,130,repo51jmic
857,47,repo03dhnt
858,574,repo24sqau
859,1448,repo29vgga
860,361,repo14ujai
861,1145,repo47dphb
862,1881,repo17yhpq
863,590,repo39kirk
864,968,repo77tvsn
865,971,repo60lgqk
866,610,repo00guvw
867,718,repo77nyvg
868,1294,repo60lxsx
869,325,repo40wesw
870,1292,repo72qazt
871,1388,repo44srfy
872,124,repo14eldl
873,912,repo07xrnh
874,857,repo73rmsm
875,1965,repo12atts
876,646,repo65lynk
877,1757,repo84aixl
878,82,repo87utni
879,97,repo94sxia
880,843,repo45ctig
881,974,repo56xgmj
882,1767,repo55pzsg
883,1196,repo80mzwu
884,1501,repo26psgt
885,982,repo71vpwz
886,291,repo90sxtk
887,276,repo87qaia
888,1578,repo04qmpb
889,477,repo38mmws
890,647,repo55ctea
891,87,repo06czny
892,744,repo04ksnw
893,1021,repo78xnmx
894,1601,repo07nbzq
895,1184,repo58tbhr
896,1278,repo15xiyr
897,44,repo57lgak
898,1523,repo60oonl
899,1120,repo05hccl
900,1488,repo69vntv
901,353,repo63thhx
902,1248,repo11dylz
903,752,repo60rfss
904,1731,repo83cqkw
905,507,repo01kujs
906,585,repo46vvqm
907,869,repo10gbgp
908,1713,repo98fsnr
909,1,repo92wuoa
910,1810,repo22tmgc
911,1049,repo27ezjx
912,1464,repo42zvvk
913,1874,repo19thjl
914,657,repo61cjru
915,68,repo27jkmf
916,1540,repo62kegt
917,514,repo34asow
918,82,repo72qymb
919,1981,repo49cyuy
920,457,repo94udza
921,703,repo39vequ
922,121,repo87tqfg
923,334,repo36iwat
924,529,repo04nwbz
925,1569,repo46lnbn
926,1307,repo12tidl
927,1672,repo39oxjd
928,1224,repo36xnap
929,863,repo82joxp
930,975,repo51prxk
931,1569,repo51mhnu
932,1820,repo04ndzq
933,1242,repo43obac
934,1131,repo68xbkk
935,742,repo49idhn
936,241,repo64vamh
937,587,repo83hqco
938,626,repo27xvby
939,138,repo76yerq
940,1482,repo28xzip
941,618,repo08lgaa
942,197,repo42ekkr
943,101,repo49qoct
944,104,repo41avfn
945,1118,repo08hadb
946,1721,repo84fuoc
947,1283,repo53bkve
948,1932,repo52rnsj
949,392,repo93wtbn
950,1519,repo86jluk
951,488,repo81inlq
952,314,repo99pirx
953,1554,repo59tnnb
954,1222,repo48yapb
955,717,repo94mgyj
956,858,repo75xytr
957,90,repo32umis
958,1186,repo43pcti
959,186,repo32ryvb
960,1305,repo12tdnu
961,1908,repo47zmez
962,1327,repo12icpc
963,845,repo44zkha
964,1184,repo70bumz
965,680,repo86ruko
966,292,repo33bswi
967,169,repo40xecm
968,925,repo72tvsk
969,1410,repo41nide
970,1836,repo59itig
971,963,repo56zkqj
972,1248,repo93piip
973,1450,repo08fggs
974,1481,repo64fxyf
975,318,repo15oawz
976,714,repo13aipu
977,1486,repo74zhdm
978,145,repo16gsra
979,345,repo43gfzd
980,382,repo09rqvh
981,805,repo85himp
982,1989,repo90xwfv
983,666,repo67fdkv
984,187,repo85zzda
985,628,repo10qnei
986,779,repo50ynyt
987,574,repo62yztb
988,554,repo05twyy
989,1214,repo36brqs
990,1883,repo84eemt
991,1114,repo07yjia
992,1020,repo86cjvl
993,383,repo71stav
994,1861,repo17lhyi
995,1925,repo21cvvu
996,94,repo63kjiq
997,1228,repo96wskk
998,1311,repo14ofvb
999,1046,repo62hfxu
1000,1987,repo31etau
1001,1993,repo32iuoy
1002,1197,repo85pqft
1003,1437,repo91pdks
1004,319,repo44ecks
1005,963,repo99wwug
1006,915,repo51kxcx
1007,1509,repo38dphi
1008,1266,repo12hxka
1009,1323,repo94rcjt
1010,723,repo56ipdf
1011,245,repo06dopj
1012,1251,repo66dwth
1013,510,repo88kmyn
1014,508,repo96lnpt
1015,87,repo87qjkh
1016,1046,repo56rjrn
1017,853,repo80adba
1018,794,repo60nwtb
1019,231,repo57tnng
1020,338,repo18aorx
1021,370,repo49vdnn
1022,1477,repo09fxcf
1023,1545,repo25wgpl
1024,1097,repo98mtir
1025,668,repo39bxwl
1026,8,repo76lrml
1027,1893,repo52teln
1028,667,repo57ndhp
1029,581,repo73uvrm
1030,1200,repo72vtie
1031,1568,repo44lqwu
1032,247,repo00upxz
1033,1956,repo28cbnw
1034,1649,repo76jmfa
1035,1068,repo46vfqb
1036,328,repo60tgny
1037,256,repo20yted
1038,196,repo23hiar
1039,313,repo70jeon
1040,1892,repo38zydd
1041,1193,repo21bume
1042,455,repo86ctph
1043,1276,repo27ykvh
1044,947,repo74lkcf
1045,590,repo06zpyl
1046,687,repo34nvdg
1047,1215,repo89hhhz
1048,1172,repo14pael
1049,388,repo78xiit
1050,1272,repo47avwh
1051,837,repo41jeng
1052,1495,repo13mufo
1053,552,repo76wpau
1054,1496,repo48qyry
1055,229,repo66ietv
1056,1897,repo93fgjz
1057,633,repo68boag
1058,619,repo08zgvn
1059,1265,repo35mwur
1060,1577,repo85hspa
1061,604,repo84awll
1062,1591,repo04pcxu
1063,222,repo85dqbn
1064,948,repo06mvqs
1065,1819,repo28dtqa
1066,1243,repo79oqcr
1067,158,repo78vonw
1068,1105,repo99myjo
1069,797,repo67snqf
1070,543,repo53wujo
1071,1749,repo63oiky
1072,1834,repo52jgha
1073,871,repo42djex
1074,1935,repo58ptcq
1075,272,repo18occj
1076,1451,repo23gujv
1077,844,repo94vvep
1078,496,repo29tbaj
1079,420,repo88eqyb
1080,185,repo75hocl
1081,826,repo24mwxr
1082,1921,repo69mlzd
1083,850,repo59cjzy
1084,245,repo16reri
1085,1550,repo70wute
1086,313,repo70jlri
1087,426,repo69xwdl
1088,1656,repo30evzk
1089,1708,repo85trjn
1090,450,repo34ffvz
1091,403,repo43widr
1092,765,repo27lfxj
1093,1052,repo65kglj
1094,1654,repo62qdzj
1095,1143,repo20krhb
1096,812,repo46cyaq
1097,1325,repo10ugix
1098,149,repo64kvbz
1099,1081,repo16hcai
1100,1519,repo07nnds
1101,845,repo64pkwo
1102,1805,repo02yqxa
1103,1614,repo35msfz
1104,691,repo54hevz
1105,1399,repo49knye
1106,354,repo40wiqd
1107,353,repo31xbnu
1108,1565,repo19tczl
1109,1958,repo85bkge
1110,1412,repo50fdfi
1111,681,repo70ipsx
1112,1231,repo46vngs
1113,1630,repo28zlby
1114,1785,repo39fzqc
1115,508,repo48eyxw
1116,68,repo49ybxg
1117,1567,repo08nxju
1118,304,repo44owjz
1119,462,repo38fthc
1120,1251,repo11aguo
1121,1696,repo55extw
1122,1330,repo75tgrz
1123,176,repo98stck
1124,1667,repo67jyuq
1125,846,repo83iskb
1126,558,repo00ejgt
1127,434,repo56fecc
1128,807,repo73opdz
1129,625,repo39psbg
1130,1044,repo90sbce
1131,177,repo62kxms
1132,564,repo22uisz
1133,1428,repo76zkpo
1134,1180,repo77ykdk
1135,102,repo14khfo
1136,1225,repo99lawu
1137,1828,repo00ffvr
1138,1664,repo58aexv
1139,145,repo46iows
1140,527,repo00esoj
1141,1541,repo50pxup
1142,561,repo29beyk
1143,279,repo05qzkc
1144,618,repo10ctmf
1145,1930,repo78fjcw
1146,1744,repo33lobx
1147,1387,repo23jevw
1148,56,repo96gucq
1149,1929,repo37htah
1150,615,repo02rplw
1151,1098,repo57qlim
1152,1164,repo18fzxg
1153,1166,repo52covy
1154,1265,repo46kpyt
1155,318,repo27czqo
1156,962,repo93jfqc
1157,543,repo42edwd
1158,613,repo62iofl
1159,1249,repo13rnek
1160,1801,repo13qade
1161,1620,repo11hdrl
1162,1105,repo46uhaj
1163,1862,repo63zxdv
1164,159,repo10vhul
1165,329,repo72mile
1166,859,repo38cipb
1167,1815,repo06sspt
1168,1536,repo39kava
1169,1224,repo17dqku
1170,1895,repo57qrqy
1171,791,repo77imgh
1172,804,repo01mztp
1173,325,repo56nccj
1174,136,repo96jdbz
1175,179,repo82wxsc
1176,866,repo75jhhl
1177,1186,repo80opjw
1178,1421,repo94igqr
1179,814,repo77uzai
1180,720,repo20oocx
1181,1802,repo22toux
1182,1592,repo61jdkx
1183,40,repo69osam
1184,1676,repo92vehe
1185,1914,repo62loky
1186,556,repo03kwmw
1187,759,repo84pfvf
1188,1950,repo23mzwm
1189,1182,repo02diul
1190,1578,repo25yrev
1191,1643,repo02ezqk
1192,1767,repo50nbzo
1193,1041,repo81fuoi
1194,208,repo98kxgq
1195,819,repo16jddh
1196,788,repo72vzfo
1197,229,repo89njqe
1198,1442,repo10kacd
1199,1114,repo32roph
1200,1761,repo78eokg
1201,1412,repo17vdes
1202,1024,repo62sfbu
1203,843,repo43vmbw
1204,506,repo78kmec
1205,512,repo79wryq
1206,1896,repo79rdgo
1207,177,repo10tjih
1208,480,repo73gnwn
1209,1571,repo98mffi
1210,927,repo36agse
1211,700,repo09bbkk
1212,604,repo29gqzv
1213,940,repo49oijp
1214,1722,repo09mohq
1215,1514,repo53colx
1216,620,repo96bcuh
1217,112,repo84ymkh
1218,1481,repo55bnde
1219,1378,repo86bxjs
1220,59,repo02dadk
1221,745,repo67iqff
1222,1254,repo61mndh
1223,630,repo17gjpu
1224,607,repo59voew
1225,197,repo24qjfi
1226,98,repo99gbci
1227,38,repo88lreh
1228,1105,repo38tljj
1229,1573,repo39cldr
1230,1396,repo08zcnx
1231,359,repo05uklq
1232,1101,repo65jgci
1233,1860,repo66vuoa
1234,228,repo39cwdj
1235,1207,repo61wdma
1236,86,repo12ombx
1237,90,repo04ihtc
1238,655,repo15mxfr
1239,1078,repo40hsrb
1240,114,repo96ybkz
1241,1238,repo54azvo
1242,1018,repo51fpmf
1243,494,repo86ewax
1244,1290,repo90uotu
1245,1912,repo20igwl
1246,1740,repo90fkwh
1247,998,repo59kamk
1248,1193,repo43bxnn
1249,114,repo93mavr
1250,1892,repo95iqrn
1251,1500,repo49leif
1252,1954,repo35pmci
1253,1860,repo60kbgm
1254,862,repo69kwwj
1255,1126,repo87myql
1256,1441,repo48gtsz
1257,935,repo29wlil
1258,441,repo45iyqr
1259,1273,repo27xtsg
1260,277,repo70yird
1261,731,repo58ybit
1262,1610,repo01medw
1263,1528,repo47wdko
1264,27,repo16hgrt
1265,1671,repo24ujts
1266,1531,repo06bgjq
1267,1932,repo44klok
1268,918,repo85yktt
1269,1316,repo62zxjw
1270,851,repo32ullz
1271,820,repo10sarg
1272,625,repo78jkbp
1273,296,repo19vfab
1274,1284,repo01uykb
1275,374,repo57wjlv
1276,262,repo71bsja
1277,1749,repo73ztiz
1278,197,repo77vwfy
1279,930,repo47ffkl
1280,149,repo08omrt
1281,1417,repo98jdzf
1282,184,repo59vhik
1283,1803,repo84widi
1284,641,repo17zykz
1285,1106,repo40qvus
1286,1585,repo67ubmc
1287,28,repo61cscj
1288,646,repo41esrk
1289,1248,repo24ajvn
1290,1247,repo62nswy
1291,185,repo29rzju
1292,958,repo44jacf
1293,1265,repo99oiem
1294,621,repo33eeqx
1295,1760,repo06plej
1296,1078,repo44jjsw
1297,1370,repo63zgui
1298,1865,repo69ezyu
1299,1848,repo54doun
1300,1926,repo17ifks
1301,310,repo27zzxg
1302,621,repo82cvas
1303,572,repo31merb
1304,2000,repo71elkc
1305,519,repo27heiu
1306,991,repo84ttfc
1307,399,repo53eshd
1308,222,repo47gssm
1309,1951,repo80axlg
1310,1873,repo78rnxl
1311,595,repo06rmzb
1312,1990,repo61hvdu
1313,857,repo57tcpm
1314,305,repo03bfep
1315,258,repo69tsrl
1316,320,repo86wwkk
1317,484,repo05dbwl
1318,577,repo27sciw
1319,751,repo90eqgh
1320,1378,repo65evqf
1321,558,repo46iwyg
1322,666,repo56bbsj
1323,559,repo25hggg
1324,398,repo45hudh
1325,372,repo57ogci
1326,456,repo75otce
1327,1006,repo16awgp
1328,1141,repo32lsnw
1329,173,repo53rxsv
1330,1747,repo29usen
1331,1242,repo38huaq
1332,1634,repo39htjq
1333,1697,repo82aitd
1334,886,repo75msiw
1335,878,repo17puix
1336,735,repo23jxpz
1337,1608,repo13vgis
1338,1726,repo59ulfe
1339,1168,repo10xciz
1340,1668,repo28uqcp
1341,808,repo14bgfv
1342,1088,repo76iwhf
1343,765,repo56vzcx
1344,1872,repo29bnga
1345,1834,repo24dkwf
1346,1560,repo22cewa
1347,172,repo59unlx
1348,1585,repo36blpg
1349,242,repo05zlii
1350,1064,repo43grsb
1351,349,repo58jveg
1352,1842,repo68dgsn
1353,789,repo97juxd
1354,958,repo15nlrs
1355,852,repo37gkjl
1356,819,repo21zfza
1357,245,repo55ptve
1358,1836,repo80aqoo
1359,471,repo86vxzc
1360,1215,repo44eeju
1361,1826,repo41bjrx
1362,145,repo55sowf
1363,1945,repo18ojvg
1364,1742,repo36wexw
1365,1106,repo35aqpk
1366,1937,repo85fwjj
1367,104,repo75mppq
1368,472,repo80aijy
1369,467,repo74hlbc
1370,1202,repo08thnt
1371,1695,repo97hyen
1372,2,repo50kvek
1373,358,repo83jkxy
1374,1361,repo06oilf
1375,1116,repo70rmhq
1376,1102,repo87twrs
1377,1591,repo81snih
1378,1021,repo73spmm
1379,648,repo86sxvk
1380,1542,repo31zbef
1381,1863,repo57bfcx
1382,1089,repo57tjkm
1383,1740,repo83tszq
1384,641,repo75ohtp
1385,1707,repo12zxis
1386,600,repo48fjul
1387,728,repo49vnys
1388,1276,repo19zznc
1389,1458,repo09dvgv
1390,1428,repo36farc
1391,465,repo10ipjm
1392,170,repo55hycn
1393,469,repo65mzmc
1394,1171,repo53miah
1395,208,repo64qgnc
1396,1543,repo62jcos
1397,1341,repo68nzjt
1398,1045,repo20xyen
1399,1706,repo39teuy
1400,1730,repo05uqwu
1401,1843,repo18qdsf
1402,1274,repo89vorr
1403,169,repo23tdvq
1404,309,repo37ymft
1405,975,repo94atwg
1406,1525,repo49eseg
1407,1655,repo14ugwe
1408,643,repo26ufug
1409,944,repo25lehe
1410,464,repo88dftd
1411,63,repo95wyiv
1412,1036,repo01xthb
1413,1338,repo66nihv
1414,1691,repo68tiyz
1415,623,repo19yscl
1416,234,repo78lsby
1417,831,repo60lstx
1418,337,repo59ofmd
1419,1292,repo65hpth
1420,1700,repo16aiix
1421,876,repo00shux
1422,592,repo07mtyn
1423,1149,repo19vjrk
1424,1021,repo28wpcv
1425,1866,repo34rqkd
1426,1427,repo23mqtw
1427,113,repo70wdgq
1428,1465,repo45ycpd
1429,1438,repo08pzid
1430,483,repo99fmze
1431,676,repo41cdrt
1432,565,repo43dugy
1433,1804,repo89sgta
1434,527,repo63yyww
1435,1995,repo14yejm
1436,1861,repo82sppc
1437,1890,repo56hxkv
1438,760,repo03rbwm
1439,1374,repo94iurp
1440,1816,repo55zhgh
1441,1526,repo29cpds
1442,518,repo66fvho
1443,1058,repo33tqec
1444,1700,repo51xgtu
1445,1306,repo93pzje
1446,589,repo06ldsu
1447,495,repo13tjyv
1448,881,repo14dljw
1449,312,repo42tmqe
1450,1322,repo90xiue
1451,811,repo35tjlu
1452,1726,repo47mtls
1453,481,repo56qwxl
1454,447,repo79injf
1455,731,repo80rxsq
1456,1158,repo23cbpd
1457,96,repo47mlrn
1458,767,repo12bvfp
1459,1849,repo20byey
1460,447,repo43vdls
1461,948,repo69qems
1462,166,repo35gmwz
1463,784,repo12eddt
1464,72,repo34fojj
1465,1040,repo63sxur
1466,116,repo99uzyl
1467,957,repo74winm
1468,1814,repo64udqy
1469,1669,repo77jkeb
1470,1084,repo60ophc
1471,587,repo55wtmv
1472,1547,repo78pyue
1473,1642,repo65iyxk
1474,1111,repo70hsan
1475,1362,repo10imbx
1476,542,repo48smqg
1477,1139,repo44mwnj
1478,781,repo87gliq
1479,463,repo10iyio
1480,364,repo20yyii
1481,1901,repo87rlky
1482,1315,repo92pzij
1483,1446,repo07fsyz
1484,1203,repo08dxbm
1485,1761,repo50alna
1486,1682,repo61uusn
1487,1594,repo56tmgu
1488,1525,repo46szys
1489,1361,repo87dacg
1490,1495,repo70rkku
1491,1804,repo12gwgl
1492,1877,repo68wlmw
1493,453,repo00mcfj
1494,1467,repo36getn
1495,621,repo90pkmj
1496,536,repo77mtql
1497,442,repo38fzez
1498,1581,repo41wftj
1499,1228,repo16uuot
1500,537,repo19wwhw
1501,1308,repo03ojnl
1502,906,repo77egvm
1503,557,repo89ztzm
1504,577,repo31mwce
1505,1951,repo53vmvg
1506,837,repo46feju
1507,1488,repo97kmna
1508,145,repo43vlfb
1509,1224,repo91opmz
1510,33,repo32rxfh
1511,1729,repo13ehux
1512,169,repo01vwko
1513,1442,repo44ovny
1514,278,repo01crlw
1515,1406,repo14ftnc
1516,1883,repo68fvjt
1517,1219,repo48zvox
1518,917,repo39svgq
1519,1489,repo54tkvl
1520,688,repo54kurb
1521,1869,repo25tbng
1522,764,repo09tobg
1523,66,repo62nioj
1524,235,repo76zlqq
1525,1148,repo25zdoj
1526,594,repo23iegr
1527,1596,repo47rtlc
1528,1609,repo20kjkg
1529,1255,repo56njap
1530,536,repo78rdwq
1531,1306,repo02gsvz
1532,407,repo26zwqq
1533,962,repo58vuzq
1534,1039,repo05jnlm
1535,1841,repo97blca
1536,1434,repo44sigp
1537,292,repo04mdgv
1538,157,repo12ucip
1539,674,repo90xwtd
1540,1358,repo30nape
1541,1603,repo81cbmf
1542,1815,repo01vope
1543,820,repo46gisc
1544,1708,repo61sqdo
1545,1899,repo29xeje
1546,1119,repo31wzvo
1547,801,repo12kwoc
1548,1475,repo82kjbu
1549,1073,repo57ccsv
1550,342,repo13cvyt
1551,1872,repo24xdrf
1552,1407,repo65hlup
1553,1153,repo33jxyi
1554,871,repo47ydbb
1555,874,repo98ckww
1556,1895,repo39lgkw
1557,487,repo24ipfl
1558,1602,repo25erde
1559,974,repo77wrgn
1560,306,repo65hrzs
1561,1244,repo30rxci
1562,1503,repo98egdg
1563,660,repo51qlrg
1564,618,repo63ubno
1565,1652,repo43fdrk
1566,298,repo24cikp
1567,791,repo83rdqb
1568,1515,repo55ikhv
1569,693,repo50hhho
1570,642,repo85wycj
1571,376,repo23dcmb
1572,1188,repo26bcyp
1573,731,repo71ttha
1574,714,repo90nnls
1575,861,repo91tuik
1576,655,repo66dlsw
1577,973,repo91uuqb
1578,1197,repo16oaxt
1579,963,repo37xguk
1580,1342,repo79lmiu
1581,1583,repo07mffm
1582,1627,repo07zlsd
1583,192,repo31wulz
1584,531,repo79jlsw
1585,1937,repo42orbv
1586,997,repo48qpyv
1587,1004,repo69eqhu
1588,163,repo67ojuj
1589,1210,repo13zlbt
1590,1605,repo31jezy
1591,1401,repo46bwzh
1592,1106,repo22nypp
1593,1001,repo66logu
1594,545,repo69ggoa
1595,692,repo00mecw
1596,1165,repo01kilk
1597,492,repo24hfir
1598,1622,repo14qrjb
1599,1503,repo89rpvb
1600,1160,repo26clio
1601,973,repo13vrcr
1602,1821,repo43pokr
1603,1098,repo96mdxr
1604,437,repo20kqmd
1605,1443,repo09mmcb
1606,1410,repo50biqa
1607,1699,repo05qduh
1608,1191,repo65letj
1609,1666,repo03rjna
1610,1139,repo83iheu
1611,854,repo91obcy
1612,349,repo94xvbr
1613,417,repo47muvg
1614,199,repo09hhby
1615,1033,repo74jixo
1616,397,repo12dbyt
1617,244,repo16xzhp
1618,859,repo04hhio
1619,1162,repo13zrgt
1620,33,repo59ivst
1621,511,repo32bhah
1622,1540,repo07scaj
1623,1301,repo25ytdu
1624,1552,repo84rcqa
1625,532,repo31sksx
1626,12,repo42syni
1627,287,repo99wtsi
1628,1639,repo54vhra
1629,564,repo39xisa
1630,1788,repo08vfzo
1631,986,repo25dgmv
1632,837,repo27zqsn
1633,257,repo98rcjp
1634,1774,repo95zmgj
1635,1386,repo72kdpu
1636,919,repo14iygo
1637,582,repo77srrx
1638,504,repo62dkoz
1639,67,repo12hjcm
1640,753,repo28jwxj
1641,1106,repo39xdpz
1642,1284,repo91mfxu
1643,494,repo26lauh
1644,1553,repo97wgiv
1645,1863,repo04iesi
1646,381,repo35jqei
1647,140,repo54zriw
1648,698,repo28mnha
1649,815,repo09dpgv
1650,115,repo80bryp
1651,795,repo22tpxy
1652,1506,repo73ftza
1653,103,repo10qorc
1654,19,repo67knli
1655,204,repo89iqeq
1656,456,repo53oeyp
1657,1754,repo49gjyd
1658,1193,repo50sngk
1659,155,repo66erwi
1660,570,repo16dzlp
1661,581,repo01wooa
1662,663,repo54fypd
1663,722,repo19ygyx
1664,198,repo91mygk
1665,1000,repo66prqg
1666,1488,repo48obdk
1667,472,repo16rqyf
1668,1832,repo59cgul
1669,1148,repo32buqj
1670,1352,repo65syud
1671,1436,repo26tnsa
1672,670,repo34iguk
1673,1521,repo65qxkn
1674,965,repo40zufk
1675,900,repo41wscc
1676,1727,repo39ldju
1677,1540,repo73ogxm
1678,685,repo08dlve
1679,1527,repo29rlxs
1680,1870,repo23drgs
1681,548,repo22wvtg
1682,665,repo41xfvg
1683,1358,repo52uipi
1684,954,repo33wply
1685,335,repo86hesj
1686,1540,repo62fpfs
1687,1196,repo14wsbx
1688,1937,repo40vorm
1689,1946,repo50zirf
1690,1010,repo84dgoh
1691,1749,repo83wrca
1692,1378,repo95gsow
1693,1936,repo18yhly
1694,151,repo00dlha
1695,1496,repo68dkgc
1696,994,repo30whwc
1697,1110,repo60djvr
1698,1819,repo54uvij
1699,1901,repo48vtcu
1700,1076,repo70mmjs
1701,1001,repo85meuj
1702,1605,repo16dqsc
1703,619,repo61iwdl
1704,867,repo33bmhz
1705,422,repo79epcx
1706,1728,repo71wrfv
1707,794,repo66fduq
1708,1119,repo65xtdz
1709,471,repo81ndep
1710,1415,repo42xcuu
1711,583,repo02bgmy
1712,1990,repo98tcha
1713,322,repo47zhmf
1714,988,repo98ydhf
1715,1123,repo70tnng
1716,1261,repo81fmds
1717,1186,repo00sarf
1718,213,repo01fdsd
1719,217,repo12iaws
1720,1708,repo62ninu
1721,515,repo04aqav
1722,406,repo82jnlv
1723,354,repo13ioqy
1724,184,repo04mtnc
1725,469,repo17rjea
1726,1936,repo46ksjk
1727,183,repo48asrl
1728,1846,repo19iqhx
1729,1255,repo86wnke
1730,702,repo58fgkw
1731,1529,repo37zxal
1732,1460,repo49qmku
1733,542,repo18luxi
1734,6,repo29kvwo
1735,1988,repo20ocgg
1736,211,repo11rjjs
1737,867,repo91rjiy
1738,1883,repo46uzrf
1739,1295,repo96zqyc
1740,1368,repo48ygbv
1741,1309,repo03myhj
1742,230,repo61zmjd
1743,45,repo09klpa
1744,1505,repo27hhts
1745,1364,repo25rwax
1746,827,repo54iyfi
1747,1273,repo80fyqe
1748,1602,repo00vgmn
1749,1108,repo22bhxc
1750,1878,repo93iiht
1751,168,repo38vdhc
1752,746,repo04kfhy
1753,1825,repo76izrx
1754,442,repo88inaq
1755,1775,repo94wqjb
1756,1428,repo87ugxf
1757,322,repo89svzs
1758,176,repo66tgkl
1759,877,repo53izbt
1760,27,repo60kyyg
1761,1483,repo02tgeq
1762,1669,repo15trgt
1763,489,repo92ugii
1764,1841,repo97mwix
1765,323,repo84wdyx
1766,113,repo29wvxk
1767,1567,repo92qesm
1768,603,repo69nzev
1769,708,repo36ljcj
1770,1915,repo24nlsj
1771,1128,repo58efgk
1772,281,repo18jzua
1773,1023,repo05wmmr
1774,1720,repo59gamr
1775,137,repo27aruf
1776,1786,repo85bmwo
1777,1585,repo32bvgy
1778,1115,repo94rgkl
1779,1155,repo92ozrm
1780,1604,repo08urkk
1781,1785,repo97gvdr
1782,1184,repo88lzfg
1783,327,repo49gkel
1784,164,repo05towo
1785,72,repo94tgfx
1786,1244,repo43xtiq
1787,1040,repo00eddf
1788,603,repo69mnal
1789,1083,repo01nosr
1790,899,repo75uzxs
1791,1005,repo18ujrm
1792,125,repo44qvsg
1793,133,repo78ymhi
1794,1809,repo38gnke
1795,841,repo96gqrr
1796,58,repo09kzqi
1797,1747,repo76jacr
1798,1132,repo64npxu
1799,1208,repo57sasw
1800,1724,repo16zezo
1801,857,repo84ktzn
1802,1324,repo12ivlf
1803,1290,repo36vtfg
1804,501,repo66hjsh
1805,1204,repo40jmjd
1806,88,repo75aaea
1807,547,repo22gvsm
1808,883,repo75mujp
1809,970,repo25uufe
1810,347,repo09nmfl
1811,97,repo54zbrx
1812,177,repo52pvqp
1813,680,repo44inls
1814,467,repo43aafe
1815,748,repo13jmpz
1816,1332,repo60qnhw
1817,561,repo03hdpv
1818,1367,repo49mmqj
1819,141,repo09drev
1820,1294,repo28zneb
1821,1953,repo04uxtl
1822,1788,repo64opge
1823,1967,repo79qvhp
1824,71,repo22bvdj
1825,490,repo26jjhc
1826,885,repo18qpzs
1827,826,repo74jyjt
1828,73,repo76uxbq
1829,1336,repo35hgeb
1830,349,repo07zlhi
1831,521,repo11ekpe
1832,964,repo56uipz
1833,1693,repo08hxpa
1834,1080,repo52ecdi
1835,708,repo02dzqx
1836,1272,repo12mjwj
1837,498,repo72fsmv
1838,1654,repo94dnpm
1839,761,repo40vqlk
1840,1879,repo57msxx
1841,1381,repo30otrb
1842,595,repo67lbtn
1843,597,repo01usgr
1844,687,repo80tjkn
1845,1176,repo49dtze
1846,185,repo32tzcb
1847,283,repo20sydm
1848,1710,repo42qzfa
1849,448,repo20enqz
1850,505,repo56mkiw
1851,1372,repo20batz
1852,1020,repo84qotl
1853,955,repo82rsbu
1854,1312,repo15aivm
1855,706,repo52wuvc
1856,992,repo45bhwg
1857,1982,repo91ufyi
1858,861,repo23afva
1859,392,repo45xryu
1860,1080,repo76zari
1861,118,repo39dbcn
1862,1335,repo79ylch
1863,860,repo40fgkk
1864,1540,repo32xyfm
1865,1076,repo81yina
1866,1649,repo24evbc
1867,916,repo31ophv
1868,893,repo24dlgz
1869,1871,repo22nnoc
1870,805,repo03infc
1871,355,repo17jefv
1872,1801,repo47cazi
1873,1661,repo60bscb
1874,955,repo93nffi
1875,20,repo36uglr
1876,1167,repo54nwje
1877,758,repo11talx
1878,443,repo84vsix
1879,1262,repo04artq
1880,113,repo23rcme
1881,1039,repo73tkav
1882,1696,repo07volz
1883,912,repo22ttrh
1884,1731,repo30adev
1885,268,repo08agkk
1886,1580,repo92jnnx
1887,1256,repo00nszn
1888,1386,repo17qaig
1889,494,repo39nhza
1890,874,repo22tntn
1891,1711,repo69qfez
1892,999,repo41bygk
1893,1246,repo58itcn
1894,1818,repo28omed
1895,1261,repo38kavw
1896,1721,repo72aoma
1897,566,repo08dfok
1898,898,repo00afhq
1899,36,repo60enbq
1900,1220,repo19yqnq
1901,354,repo75fqze
1902,943,repo71sdjv
1903,853,repo20auny
1904,290,repo37zszw
1905,1159,repo89ufhk
1906,509,repo47bupv
1907,1053,repo04mzqr
1908,703,repo48ldaf
1909,1347,repo27zeqr
1910,484,repo08oqsp
1911,1,repo27vbcq
1912,1358,repo62xlxb
1913,1365,repo46bszr
1914,1297,repo12xgrk
1915,809,repo63pvjr
1916,786,repo93rgil
1917,1570,repo50mnhx
1918,1235,repo25lqmn
1919,959,repo63ajei
1920,788,repo09rfwm
1921,1702,repo96mzat
1922,1827,repo01wrfp
1923,213,repo18tbny
1924,1629,repo13stiy
1925,499,repo03hmuc
1926,750,repo02xtgc
1927,1563,repo08xalu
1928,1998,repo88pedh
1929,887,repo40jfly
1930,194,repo36amvp
1931,242,repo98pias
1932,1356,repo78xwix
1933,1929,repo51atcw
1934,817,repo59eygm
1935,619,repo03cumz
1936,1758,repo42kynh
1937,94,repo89kwgu
1938,1380,repo49apgr
1939,1577,repo90kbga
1940,256,repo50rmad
1941,1474,repo16vagc
1942,1042,repo20dlgm
1943,425,repo75angn
1944,1377,repo37yyxp
1945,73,repo51wwci
1946,865,repo94urpl
1947,803,repo18rkoi
1948,577,repo03ykwn
1949,1440,repo66ydqv
1950,532,repo75bddl
1951,1655,repo41vsyk
1952,1591,repo38sjij
1953,508,repo25eclm
1954,481,repo13ftkp
1955,663,repo88gdun
1956,1621,repo39xvwp
1957,291,repo37uepq
1958,454,repo37kmky
1959,1747,repo42yczm
1960,1060,repo95tubg
1961,911,repo79aqjr
1962,1639,repo50bipl
1963,1995,repo03bexq
1964,937,repo06vena
1965,1479,repo17flqd
1966,156,repo74rqua
1967,884,repo68rird
1968,520,repo25xjuk
1969,1427,repo89hzap
1970,921,repo76igfd
1971,534,repo72tzgm
1972,1349,repo25clba
1973,556,repo66whqg
1974,1932,repo50lltj
1975,1907,repo14fgac
1976,1249,repo87iqyx
1977,956,repo05hdtj
1978,700,repo33evlb
1979,84,repo50lhfl
1980,1416,repo95udnq
1981,122,repo14arxn
1982,985,repo88glgy
1983,1060,repo95ppts
1984,286,repo67bqyg
1985,1337,repo54gztc
1986,1358,repo46cytk
1987,1829,repo65seot
1988,735,repo46unkq
1989,1508,repo46hyib
1990,1657,repo45dcsj
1991,1820,repo44lqkb
1992,768,repo13rwqs
1993,1442,repo52mxve
1994,794,repo11zdyg
1995,543,repo65sqrl
1996,1191,repo27dosg
1997,679,repo84atig
1998,743,repo80dhkg
1999,148,repo24lycw
2000,1642,repo89mkxh